<?xml version="1.0" encoding="UTF-8"?>
<!-- $Id: copyright.xml,v 1.17 2000/09/28 17:32:25 plehegar Exp $ -->
<!--
 *************************************************************************
 * BEGINNING OF COPYRIGHT NOTICE                                         *
 *************************************************************************
-->
<div1 id="Copyright-Notice">
  <head>Copyright Notice</head>

  <p role='important'>
    Copyright &copy; &date.year; <loc href="http://www.w3.org/">World Wide Web
    Consortium</loc>, (<loc href="http://www.lcs.mit.edu/">Massachusetts
    Institute of Technology</loc>, <loc href="http://www.inria.fr/">Institut
    National de Recherche en Informatique et en Automatique</loc>, <loc
    href="http://www.keio.ac.jp/">Keio University</loc>). All Rights Reserved.
  </p>
  <p>
    This document is published under the <specref
    ref="Copyright-notice-document"/>. The bindings within this document are
    published under the <specref ref="Copyright-notice-software"/>.  The
    software license requires "Notice of any changes or modifications to the
    W3C files, including the date changes were made." Consequently, modified
    versions of the DOM bindings must document that they do not conform to the
    W3C standard; in the case of the IDL definitions, the pragma prefix can no
    longer be 'w3c.org'; in the case of the Java Language binding, the package
    names can no longer be in the 'org.w3c' package.
  </p>
  <div2 id="Copyright-notice-document">
    <head>W3C Document Copyright Notice and License</head>
    <note>
      <p>
	This section is a copy of the W3C Document Notice and License and could
	be found at <loc
	href="http://www.w3.org/Consortium/Legal/copyright-documents-19990405">http://www.w3.org/Consortium/Legal/copyright-documents-19990405</loc>.
      </p>
    </note>
    <p role='important'>
      Copyright &copy; 1994-&date.year; <loc href="http://www.w3.org/">World
      Wide Web Consortium</loc>, (<loc
      href="http://www.lcs.mit.edu/">Massachusetts Institute of
      Technology</loc>, <loc href="http://www.inria.fr/">Institut National de
      Recherche en Informatique et en Automatique</loc>, <loc
      href="http://www.keio.ac.jp/">Keio University</loc>). All Rights
      Reserved.
    </p>
    <p role='important'>      
      http://www.w3.org/Consortium/Legal/
    </p>
    <p>
      Public documents on the W3C site are provided by the copyright holders
      under the following license. The software or Document Type Definitions
      (DTDs) associated with W3C specifications are governed by the <loc
      href="http://www.w3.org/Consortium/Legal/copyright-software.html">Software
      Notice</loc>. By using and/or copying this document, or the W3C document
      from which this statement is linked, you (the licensee) agree that you
      have read, understood, and will comply with the following terms and
      conditions:
    </p>
    <p>
      Permission to use, copy, and distribute the contents of this document, or
      the W3C document from which this statement is linked, in any medium for
      any purpose and without fee or royalty is hereby granted, provided that
      you include the following on <emph>ALL</emph> copies of the document, or
      portions thereof, that you use:
    </p>
    <olist>
      <item>
	<p>
	  A link or URL to the original W3C document.
	</p>
      </item>
      <item>
	<p>
	  The pre-existing copyright notice of the original author, or if it
	  doesn't exist, a notice of the form: &quot;Copyright &copy;
	  [$date-of-document] <loc href="http://www.w3.org/">World Wide Web
	  Consortium</loc>, (<loc href="http://www.lcs.mit.edu/">Massachusetts
	  Institute of Technology</loc>, <loc
	  href="http://www.inria.fr/">Institut National de Recherche en
	  Informatique et en Automatique</loc>, <loc
	  href="http://www.keio.ac.jp/">Keio University</loc>). All Rights
	  Reserved.  http://www.w3.org/Consortium/Legal/&quot; (Hypertext is
	  preferred, but a textual representation is permitted.)
	</p>
      </item>
      <item>
	<p>
	  <emph>If it exists</emph>, the STATUS of the W3C document.
	</p>
      </item>
    </olist>
    <p>
      When space permits, inclusion of the full text of this <emph
      role='important'>NOTICE</emph> should be provided. We request that
      authorship attribution be provided in any software, documents, or other
      items or products that you create pursuant to the implementation of the
      contents of this document, or any portion thereof.
    </p>
    <p>
      No right to create modifications or derivatives of W3C documents is
      granted pursuant to this license. However, if additional requirements
      (documented in the <loc
      href="http://www.w3.org/Consortium/Legal/IPR-FAQ.html">Copyright
      FAQ</loc>) are satisfied, the right to create modifications or
      derivatives is sometimes granted by the W3C to individuals complying with
      those requirements.
    </p>
    <p>
      THIS DOCUMENT IS PROVIDED &quot;AS IS,&quot; AND COPYRIGHT HOLDERS MAKE
      NO REPRESENTATIONS OR WARRANTIES, EXPRESS OR IMPLIED, INCLUDING, BUT NOT
      LIMITED TO, WARRANTIES OF MERCHANTABILITY, FITNESS FOR A PARTICULAR
      PURPOSE, NON-INFRINGEMENT, OR TITLE; THAT THE CONTENTS OF THE DOCUMENT
      ARE SUITABLE FOR ANY PURPOSE; NOR THAT THE IMPLEMENTATION OF SUCH
      CONTENTS WILL NOT INFRINGE ANY THIRD PARTY PATENTS, COPYRIGHTS,
      TRADEMARKS OR OTHER RIGHTS.
    </p>
    <p>
      COPYRIGHT HOLDERS WILL NOT BE LIABLE FOR ANY DIRECT, INDIRECT, SPECIAL OR
      CONSEQUENTIAL DAMAGES ARISING OUT OF ANY USE OF THE DOCUMENT OR THE
      PERFORMANCE OR IMPLEMENTATION OF THE CONTENTS THEREOF.
    </p>
    <p>
      The name and trademarks of copyright holders may NOT be used in
      advertising or publicity pertaining to this document or its contents
      without specific, written prior permission. Title to copyright in this
      document will at all times remain with copyright holders.
    </p>
  </div2>
  <div2 id="Copyright-notice-software">
    <head>W3C Software Copyright Notice and License</head>
    <note>
      <p>
	This section is a copy of the W3C Software Copyright Notice and License
	and could be found at <loc
	href="http://www.w3.org/Consortium/Legal/copyright-software-19980720">http://www.w3.org/Consortium/Legal/copyright-software-19980720</loc>
      </p>
    </note>
    <p role='important'>
      Copyright &copy; 1994-&date.year; <loc href="http://www.w3.org/">World
      Wide Web Consortium</loc>, (<loc
      href="http://www.lcs.mit.edu/">Massachusetts Institute of
      Technology</loc>, <loc href="http://www.inria.fr/">Institut National de
      Recherche en Informatique et en Automatique</loc>, <loc
      href="http://www.keio.ac.jp/">Keio University</loc>). All Rights
      Reserved.
    </p>
    <p role='important'>      
      http://www.w3.org/Consortium/Legal/
    </p>
    <p>
      This W3C work (including software, documents, or other related items) is
      being provided by the copyright holders under the following license. By
      obtaining, using and/or copying this work, you (the licensee) agree that
      you have read, understood, and will comply with the following terms and
      conditions:
    </p>
    <p>
      Permission to use, copy, and modify this software and its documentation,
      with or without modification, for any purpose and without fee or royalty
      is hereby granted, provided that you include the following on ALL copies
      of the software and documentation or portions thereof, including
      modifications, that you make:
    </p>
    <olist>
      <item>
	<p>The full text of this NOTICE in a location viewable to users of the
	redistributed or derivative work.</p>
      </item>
      <item>
	<p>
	  Any pre-existing intellectual property disclaimers. If none exist,
	  then a notice of the following form: "Copyright &copy;
	  [$date-of-software] <loc href="http://www.w3.org/">World Wide Web
	  Consortium</loc>, (<loc href="http://www.lcs.mit.edu/">Massachusetts
	  Institute of Technology</loc>, <loc
	  href="http://www.inria.fr/">Institut National de Recherche en
	  Informatique et en Automatique</loc>, <loc
	  href="http://www.keio.ac.jp/">Keio University</loc>). All Rights
	  Reserved.  http://www.w3.org/Consortium/Legal/."
	</p>
      </item>
      <item>
	<p>
	  Notice of any changes or modifications to the W3C files, including
	  the date changes were made. (We recommend you provide URIs to the
	  location from which the code is derived.)
	</p>
      </item>
    </olist>
    <p>
      THIS SOFTWARE AND DOCUMENTATION IS PROVIDED "AS IS," AND COPYRIGHT
      HOLDERS MAKE NO REPRESENTATIONS OR WARRANTIES, EXPRESS OR IMPLIED,
      INCLUDING BUT NOT LIMITED TO, WARRANTIES OF MERCHANTABILITY OR FITNESS
      FOR ANY PARTICULAR PURPOSE OR THAT THE USE OF THE SOFTWARE OR
      DOCUMENTATION WILL NOT INFRINGE ANY THIRD PARTY PATENTS, COPYRIGHTS,
      TRADEMARKS OR OTHER RIGHTS.
    </p>
    <p>
      COPYRIGHT HOLDERS WILL NOT BE LIABLE FOR ANY DIRECT, INDIRECT, SPECIAL OR
      CONSEQUENTIAL DAMAGES ARISING OUT OF ANY USE OF THE SOFTWARE OR
      DOCUMENTATION.
    </p>
    <p>
      The name and trademarks of copyright holders may NOT be used in
      advertising or publicity pertaining to the software without specific,
      written prior permission. Title to copyright in this software and any
      associated documentation will at all times remain with copyright holders.
    </p>
  </div2>
</div1>
<!--
 *************************************************************************
 * END OF COPYRIGHT NOTICE                                               *
 *************************************************************************
-->
