<?xml version="1.0" encoding="UTF-8"?>
<!-- $Id: references.xml,v 1.40 2002/05/29 21:52:13 plehegar Exp $ -->
<!--
 *************************************************************************
 * BEGINNING OF REFERENCES                                               *
 *************************************************************************
-->
<div1 role="references" id="References">
  <head>References</head>
  <p>
    For the latest version of any W3C specification please consult the list of
    <loc href='http://www.w3.org/TR'>W3C Technical Reports</loc> available at
    http://www.w3.org/TR.
  </p>
  
  <div2 id='References-Normative'>
    <head>Normative references</head>
    <blist>
      
      <bibl id='Charmod' key='CharModel' href='&charmod;'>
	<titleref>Character Model for the World Wide Web 1.0</titleref>,
	M. D&#168;rst, et al., Editors. World Wide Web
	Consortium, January 2001.  This version of the Character Model
	for the World Wide Web Specification is &charmod;. The <loc
	href='http://www.w3.org/TR/charmod'>latest version of Character
	Model</loc> is available at http://www.w3.org/TR/charmod.
      </bibl>
      
      <bibl id='CSS2' key='CSS2' href='&css2;'>
	<titleref>Cascading Style Sheets, level 2
	Specification</titleref>, B. Bos, H. Wium Lie, C.
	Lilley, and I. Jacobs, Editors. World Wide Web Consortium, 12
	May 1998. This version of the Cascading Style Sheets
	Recommendation is &css2;. The <loc
	href='http://www.w3.org/TR/REC-CSS2'>latest version of Cascading
	Style Sheets</loc> is available at
	http://www.w3.org/TR/REC-CSS2.
    </bibl>
      
      <bibl id='DOMCore' key='DOM Level 2 Core' href='&core2;'>
	<titleref>Document Object Model Level 2 Core
	Specification</titleref>, A. Le Hors, et al., Editors. World
	Wide Web Consortium, 13 November 2000. This version of the DOM
	Level 2 Core Recommendation is &core2;. The <loc
	href='http://www.w3.org/TR/DOM-Level-2-Core'>latest version of
	DOM Level 2 Core</loc> is available at
	http://www.w3.org/TR/DOM-Level-2-Core.
      </bibl>

      <bibl id='DOMEvents' key='DOM Level 2 Events' href='&events2;'>
 	<titleref>Document Object Model Level 2 Events
 	Specification</titleref>, T. Pixley, Editor. World Wide Web
 	Consortium, 13 November 2000. This version of the Document
 	Object Model Level 2 Events Recommendation is &events2;.  The
 	<loc href='http://www.w3.org/TR/DOM-Level-2-Events'>latest
 	version of Document Object Model Level 2 Events</loc> is
 	available at http://www.w3.org/TR/DOM-Level-2-Events.
      </bibl>


      <bibl id='DOMStyle' key='DOM Level 2 Style Sheets and CSS' href='&style2;'>
       <titleref>Document Object Model Level 2 Style Sheets and CSS
       Specification</titleref>, C. Wilson, P. Le H&#233;garet,
       V. Apparao, Editors.  World Wide Web Consortium, 13 November
       2000. This version of the Document Object Model Level 2 Style
       Sheets and CSS Recommendation is &style2;.  The <loc
       href='http://www.w3.org/TR/DOM-Level-2-Style'>latest version of
       Document Object Model Level 2 Style Sheets and CSS</loc> is
       available at http://www.w3.org/TR/DOM-Level-2-Style.
      </bibl>

      <bibl id='DOMTraversal-Range' key='DOM Level 2 Traversal and
	    Range' href='&traversal-range2;'>
	<titleref>Document Object Model Level 2 Traversal and Range
	Specification</titleref>, J. Kesselman, J. Robie, M.
	Champion, P. Sharpe, V. Apparao, L. Wood,
	Editors. World Wide Web Consortium, 13 November 2000. This
	version of the Document Object Model Level 2 Traversal and Range
	Recommendation is &traversal-range2;.  The <loc
	href='http://www.w3.org/TR/DOM-Level-2-Traversal-Range'>latest
	version of Document Object Model Level 2 Traversal and
	Range</loc> is available at
	http://www.w3.org/TR/DOM-Level-2-Traversal-Range.
      </bibl>

      <bibl id='DOMViews' key='DOM Level 2 Views' href='&views2;'>
	<titleref>Document Object Model Level 2 Views
	Specification</titleref>, A. Le Hors, L. Cable, Editors.  World Wide Web
	Consortium, 13 November 2000. This version of the Document Object
	Model Level 2 Views Recommendation is &views2;.  The <loc
	href='http://www.w3.org/TR/DOM-Level-2-Views'>latest version of Document Object Model Level 2
	Views</loc> is available at http://www.w3.org/TR/DOM-Level-2-Views.
      </bibl>

      <bibl id='ECMAScript' key='ECMAScript'  href='&ecma-262;'>
	<titleref>ECMAScript Language Specification</titleref>, Third
	Edition.  European Computer Manufacturers Association, December
	1999.  This version of the ECMAScript Language is available at
	&ecma-262;.
      </bibl>
      
      <bibl id='HTML40' key='HTML 4.01' href='&html40;'>
        <titleref>HTML 4.01 Specification</titleref>, D. Raggett, A. Le
        Hors, and I. Jacobs, Editors. World Wide Web Consortium, 17
        December 1997, revised 24 April 1998, revised 24 December
        1999. This version of the HTML 4.01 Recommendation is
        &html40;. The <loc
        href='http://www.w3.org/TR/html4'>latest version of HTML 4</loc> is
        available at http://www.w3.org/TR/html4.
      </bibl>      

      <bibl id='RFC2396' key='IETF RFC 2396' href='http://www.ietf.org/rfc/rfc2396.txt'>
	<titleref>Uniform Resource Identifiers (URI): Generic
	Syntax</titleref>, T. Berners-Lee, R. Fielding, L. Masinter,
	Authors. Internet Engineering Task Force, August 1998. Available
	at http://www.ietf.org/rfc/rfc2396.txt.
      </bibl>

      <bibl id='CookieRef' key='IETF RFC 2965' href='http://www.ietf.org/rfc/rfc2965.txt'>
	<titleref>HTTP State Management Mechanism</titleref>, D. Kristol and
	L. Montulli, Editors. Internet Engineering Task Force, October
	2000. Available at http://www.ietf.org/rfc/rfc2965.txt.
      </bibl>
      
      <bibl id="ISO10646" key="ISO/IEC 10646">
        <titleref>ISO/IEC 10646-1993 (E). Information technology -
        Universal Multiple-Octet Coded Character Set (UCS) - Part
        1: Architecture and Basic Multilingual Plane.</titleref>
        [Geneva]: International Organization for Standardization, 1993
        (plus amendments AM 1 through AM 7).
      </bibl>
     
      <bibl id='Java' key='Java' href='&java;'>
	<titleref>The Java Language Specification</titleref>, J.
	Gosling, B. Joy, and G. Steele, Authors. Addison-Wesley,
	September 1996. Available at &java;
      </bibl>
      
      <bibl id='Namespaces' key='XML Namespaces' href='&xml-names;'>
	<titleref>Namespaces in XML</titleref>, T. Bray, D.
	Hollander, and A. Layman, Editors. World Wide Web
	Consortium, 14 January 1999. This version of the XML
	Information Set Recommendation is &xml-names;. The <loc
	href='http://www.w3.org/TR/REC-xml-names'>latest version of
	Namespaces in XML</loc> is available at
	http://www.w3.org/TR/REC-xml-names.
      </bibl>

      <bibl id='OMGIDL' key='OMG IDL' href='http://www.omg.org/technology/documents/formal/corba_2.htm'>
        <quote>OMG IDL Syntax and Semantics</quote> defined in
        <titleref>The Common Object Request Broker: Architecture and
        Specification, version 2</titleref>, Object Management
        Group. The latest version of CORBA version 2.0 is available at
        http://www.omg.org/technology/documents/formal/corba_2.htm.
      </bibl>
      
      <bibl id='Unicode' key='Unicode 2.0'>
	<titleref>The Unicode Standard, Version 2.0.</titleref>. The
	Unicode Consortium, 1996. Reading, Mass.: Addison-Wesley
	Developers Press. ISBN 0-201-48345-9.
      </bibl>
      
      <bibl id='XML' key='XML 1.0'  href='&xml-spec;'>
	<titleref>Extensible Markup Language (XML) 1.0 (Second
	Edition)</titleref>, T. Bray, J. Paoli,
	C. M. Sperberg-McQueen, and E. Maler, Editors. World Wide Web
	Consortium, 10 February 1998, revised 6 October 2000. This
	version of the XML 1.0 Recommendation is &xml-spec;. The <loc
	href='http://www.w3.org/TR/REC-xml'>latest version of XML
	1.0</loc> is available at http://www.w3.org/TR/REC-xml.
      </bibl>
      
      <bibl id='XHTML10' key='XHTML 1.0' href='&xhtml10;'>
        <titleref>XHTML 1.0: The Extensible HyperText Markup
        Language</titleref>, S. Pemberton, et al., Authors. World Wide
        Web Consortium, 26 January 2001. This version of the XHTML 1.0
        Recommendation is &xhtml10;. The <loc
        href='http://www.w3.org/TR/xhtml1'>latest version of XHTML 1.0</loc>
        is available at http://www.w3.org/TR/xhtml10.
      </bibl>

      <bibl id='XML-StyleSheet' key='XML StyleSheet'>
	W3C (World Wide Web Consortium) <loc href='&xml-stylesheet;'>Associating
	  Style Sheets with XML documents Version 1.0</loc>, June 1999. Available at
	&xml-stylesheet;.
      </bibl>
    </blist>
    
  </div2>
  
  <div2 id='References-Informative'>
    <head>Informative references</head>
    
    <blist>      
      <bibl id='COM' key='COM' href='&com;'>
        <titleref>The Microsoft Component Object Model</titleref>,
        Microsoft Corporation. Available at &com;.
      </bibl>
      <bibl id='CORBA' key='CORBA' href='http://www.omg.org/technology/documents/formal/corba_2.htm'>
	<titleref>The Common Object Request Broker: Architecture and
	Specification, version 2</titleref>. Object Management
	Group. The latest version of CORBA version  2.0 is available at
        http://www.omg.org/technology/documents/formal/corba_2.htm.
      </bibl>

      <bibl id='DOM-Level-1' key='DOM Level 1' href='&domlevel1;'>
	<titleref>DOM Level 1 Specification</titleref>, V. Apparao,
	et al., Editors. World Wide Web Consortium, 1 October 1998. This
	version of the DOM Level 1 Recommendation is &domlevel1;. The
	<loc href='http://www.w3.org/TR/REC-DOM-Level-1'>latest version
	of DOM Level 1</loc> is available at
	http://www.w3.org/TR/REC-DOM-Level-1.
      </bibl>
      
      <bibl id='DOMCSS-inf' key='DOM Level 2 CSS' href='&style2;'>
	<quote>Document Object CSS</quote> in <titleref>Document Object
	Model Level 2 Style Sheets and CSS Specification</titleref>,
	C. Wilson, P. Le H&#233;garet, V. Apparao, Editors.  World Wide
	Web Consortium, 13 November 2000. This version of the Document
	Object Model Level 2 Style Sheets and CSS Recommendation is
	&style2;. The <loc
	href='http://www.w3.org/TR/DOM-Level-2-Style'>latest version of
	Document Object Model Level 2 Style Sheets and CSS</loc> is
	available at http://www.w3.org/TR/DOM-Level-2-Style.
      </bibl>
      
      <bibl id='DOMHTML-inf' key='DOM Level 2 HTML' href='&html2;'>
        <titleref>Document Object Model Level 2 HTML
        Specification</titleref>, J. Stenback, et al., Editors. World
        Wide Web Consortium, December 2001. This version of the Document
        Object Model Level 2 HTML Specification is &html2;.  The <loc
        href='http://www.w3.org/TR/DOM-Level-2-HTML'>latest version of
        Document Object Model Level 2 HTML</loc> is available at
        http://www.w3.org/TR/DOM-Level-2-HTML.
      </bibl>

      <bibl id='DOMASLS' key='DOM Level 3 Abstract Schemas and Load and	Save'
           href='&as-ls.latest.url;'>
        <titleref>Document Object Model Level 3 Abstract Schemas and
        Load and Save Specification</titleref>, B. Chang, J.
        Stenback, J. van Rotterdam, A. Heninger, J. Kesselman,
        R. Rahman, Editors. World Wide Web Consortium, January 2002.
        This version of the DOM Level 3 Abstract Schemas and Load and
        Save Specification is &as-ls.latest.url;. The <loc
        href='http://www.w3.org/TR/DOM-Level-3-ASLS'>latest version of
        DOM Level 3 Abstract Schemas and Load and Save</loc> is
        available at http://www.w3.org/TR/DOM-Level-3-ASLS.
      </bibl>

      <bibl id='DOM-Level-3-Requirements' key='DOM Level 3 Requirements'
	    href='http://www.w3.org/TR/2001/WD-DOM-Requirements-20010419/#Level3'>
       <quote>DOM Requirements for DOM Level 3</quote> in <titleref>DOM
       Requirements for DOM Level 3</titleref>, B. Chang, et al.,
       Editors.  World Wide Web Consortium, April 2001. This version of
       the DOM Requirements for DOM Level 3 is
       http://www.w3.org/TR/2001/WD-DOM-Requirements-20010419/#Level3.
       The <loc href='http://www.w3.org/TR/DOM-Requirements'>latest
       version of DOM Requirements</loc> is available at
       http://www.w3.org/TR/DOM-Requirements.
      </bibl>
      
      <bibl id='DOMEvents-inf' key='DOM Level 2 Events' href='&events2;'>
 	<titleref>Document Object Model Level 2 Events
 	Specification</titleref>, T. Pixley, Editor. World Wide Web
 	Consortium, 13 November 2000. This version of the Document
 	Object Model Level 2 Events Recommendation is &events2;.  The
 	<loc href='http://www.w3.org/TR/DOM-Level-2-Events'>latest
 	version of Document Object Model Level 2 Events</loc> is
 	available at http://www.w3.org/TR/DOM-Level-2-Events.
      </bibl>

      <bibl id='DOMStyle-inf' key='DOM Level 2 Style Sheets and CSS' href='&style2;'>
       <titleref>Document Object Model Level 2 Style Sheets and CSS
       Specification</titleref>, C. Wilson, P. Le H&#233;garet,
       V. Apparao, Editors.  World Wide Web Consortium, 13 November
       2000. This version of the Document Object Model Level 2 Style
       Sheets and CSS Recommendation is &style2;.  The <loc
       href='http://www.w3.org/TR/DOM-Level-2-Style'>latest version of
       Document Object Model Level 2 Style Sheets and CSS</loc> is
       available at http://www.w3.org/TR/DOM-Level-2-Style.
      </bibl>

      <bibl id='JavaIDL' key='Java IDL' href='&javaidl;'>
	<titleref>Java IDL</titleref>. Sun Microsystems. Available at &javaidl;
      </bibl>      
      
      <bibl id='JavaScript' key='JavaScript'  href='&javascript;'>
	<titleref>JavaScript Resources</titleref>. Netscape
	Communications Corporation. Available at &javascript;
      </bibl>
      <bibl id='JScript' key='JScript' href='&jscript;'>
	<titleref>JScript Resources</titleref>. Microsoft. Available at
	&jscript;
      </bibl>
      <bibl id='MSIDL' key='MIDL'  href='&msidl;'>
        <titleref>MIDL Language
        Reference</titleref>. Microsoft. Available at &msidl;.
      </bibl>
      
      <bibl id='DOMStyleSheets-inf' key='DOM Level 2 Style Sheets' href='&style2;'>
	<quote>Document Object Style Sheets</quote> in
	<titleref>Document Object Model Level 2 Style Sheets and CSS
	Specification</titleref>, C. Wilson, P. Le H&#233;garet,
	V. Apparao, Editors.  World Wide Web Consortium, 13 November
	2000. This version of the Document Object Model Level 2 Style
	Sheets and CSS Recommendation is &style2;. The <loc
	href='http://www.w3.org/TR/DOM-Level-2-Style'>latest version of
	Document Object Model Level 2 Style Sheets and CSS</loc> is
	available at http://www.w3.org/TR/DOM-Level-2-Style.
      </bibl>
      
      <bibl id='DOMTraversal-inf' key='DOM Level 2 Traversal' href='&traversal-range2;'>
	<quote>Dpcument Object Model Traversal</quote> in
	<titleref>Document Object Model Level 2 Traversal and Range
	Specification</titleref>, J. Kesselman, J. Robie, M.  Champion,
	P. Sharpe, V. Apparao, L. Wood, Editors. World Wide Web
	Consortium, 13 November 2000. This version of the Document
	Object Model Level 2 Traversal and Range Recommendation is
	&traversal-range2;.  The <loc
	href='http://www.w3.org/TR/DOM-Level-2-Traversal-Range'>latest
	version of Document Object Model Level 2 Traversal and
	Range</loc> is available at
	http://www.w3.org/TR/DOM-Level-2-Traversal-Range.
      </bibl>

      <bibl id='DOMRange-inf' key='DOM Level 2 Range' href='&traversal-range2;'>
	<quote>Dpcument Object Model Range</quote> in <titleref>Document
	Object Model Level 2 Traversal and Range
	Specification</titleref>, J. Kesselman, J. Robie, M.  Champion,
	P. Sharpe, V. Apparao, L. Wood, Editors. World Wide Web
	Consortium, 13 November 2000. This version of the Document
	Object Model Level 2 Traversal and Range Recommendation is
	&traversal-range2;.  The <loc
	href='http://www.w3.org/TR/DOM-Level-2-Traversal-Range'>latest
	version of Document Object Model Level 2 Traversal and
	Range</loc> is available at
	http://www.w3.org/TR/DOM-Level-2-Traversal-Range.
      </bibl>

      <bibl id='DOMViews-inf' key='DOM Level 2 Views' href='&views2;'>
	<titleref>Document Object Model Level 2 Views
	Specification</titleref>, A. Le Hors, L. Cable, Editors.  World Wide Web
	Consortium, 13 November 2000. This version of the Document Object
	Model Level 2 Views Recommendation is &views2;.  The <loc
	href='http://www.w3.org/TR/DOM-Level-2-Views'>latest version of Document Object Model Level 2
	Views</loc> is available at http://www.w3.org/TR/DOM-Level-2-Views.
      </bibl>

      <bibl id='RFC2616' key='IETF RFC 2616' href='http://www.ietf.org/rfc/rfc2616.txt'>
	<titleref>Hypertext Transfer Protocol -- HTTP/1.1</titleref>,
	R. Fielding, J. Gettys, J. Mogul, H. Frystyk, L. Masinter,
	P. Leach, T. Berners-Lee, Authors. Internet Engineering Task
	Force, June 1999. Available at
	http://www.ietf.org/rfc/rfc2616.txt.
      </bibl>

      <bibl id='XPointer' key='XPointer' href='&xpointer;'>
	<titleref>XML Pointer Language (XPointer) Version 1.0</titleref>,
	S. DeRose, E. Maler, and R. Daniel Jr., Editors. World Wide Web
	Consortium, September 2001.  This version of the XPath 1.0
	Specification is &xpointer;. The <loc
	href='http://www.w3.org/TR/xptr'>latest version of XPointer
	1.0</loc> is available at http://www.w3.org/TR/xptr.
      </bibl>

      <bibl id='InfoSet' key='XML Information set' href='&infoset;'>
        <titleref>XML Information Set</titleref>, J. Cowan and R.
        Tobin, Editors. World Wide Web Consortium, 24 October 2001.
        This version of the XML Information Set Recommendation is
        &infoset;. The <loc
        href='http://www.w3.org/TR/xml-infoset'>latest version of XML
        Information Set</loc> is available at
        http://www.w3.org/TR/xml-infoset.
      </bibl>

    </blist>


  </div2>
  
</div1>
<!--
 *************************************************************************
 * END OF REFERENCES                                                     *
 *************************************************************************
-->
