<?xml version="1.0" encoding='ISO-8859-1'?>
    <!--
    ******************************************************
    * DOCUMENT STATUS                                    *
    ******************************************************
    -->
<status id="Level-2-status">
<p><emph>This section describes the status of this document at the time of its
publication. Other documents may supersede this document. The latest status of
this document series is maintained at the W3C.</emph></p>

<p>
This is the &date.day; &date.month; &date.year; W3C Candidate
Recommendation of "DOM Level 2 HTML".  W3C publishes a technical report
as a Candidate Recommendation to indicate that the document is believed
to be stable, and to encourage implementation by the developer
community. Candidate Recommendation status is described in <loc
href='http://www.w3.org/Consortium/Process-20010719/tr.html#RecsCR'>section
5.2.3 of the Process Document</loc>.
</p>
<p>
The DOM Working Group expects to request that the Director advance this
specification to Proposed Recommendation after the DOM Working Group
documents two interoperable implementations of at least one normative
binding. The two implementations must be produced by different
organizations. The review period ends on 1 July 2002.  Please send
review comments before the review period ends to <loc
href="mailto:&to-mail;">&to-mail;</loc> (<loc
href="&mailarchive;">archive</loc>).
</p>
<p>
Publication as a Candidate Recommendation does not imply endorsement by
the W3C Membership. This is a draft document and may be updated,
replaced or obsoleted by other documents at any time. It is
inappropriate to cite this document as other than "work in progress."
</p>
<p>
Some changes from DOM Level 1 HTML are incompatible with that
specification but represent more accurately the state of deployed
software. Therefore, this specification renders the DOM Level 1 HTML
Recommendation obsolete. W3C strongly suggests that developers and
authors conform to DOM Level 2 HTML instead.
</p>
<p>
Patent disclosures relevant to this specification may be found on the
<loc href='http://www.w3.org/2002/05/29-DOM-IPR'>Working Group's public
patent disclosure page</loc>.
</p>
<p>
This document has been produced as part of the <loc
href="http://www.w3.org/DOM/Activity.html">W3C DOM Activity</loc>. The
authors of this document are the DOM Working Group participants.
</p>

<!--<p>
 The English version of this specification is the only normative
 version. Information about <loc href="&translation.url;">translations</loc> of this document is available at
 &translation.url;.
</p>
<p>The <loc href='&errata.url;'>list of known errors</loc> in this document is
available at &errata.url;</p>
-->
<p>
 A list of <loc href="http://www.w3.org/TR/">current W3C Recommendations and
 other technical documents</loc> can be found at http://www.w3.org/TR.
</p>
</status>
