<!ENTITY eacute "&#233;">
<!ENTITY uuml "&#252;">
<!ENTITY auml "&#228;">
<!ENTITY reg  "&#174;">
<!ENTITY copy "&#169;"> 

<!ENTITY core.prefix "Core">
<!ENTITY html.prefix "HTML">
<!ENTITY views.prefix "Views">
<!ENTITY style.prefix "Style">
<!ENTITY events.prefix "Events">
<!ENTITY traversal-range.prefix "Traversal-Range">

<!-- default prefix is empty -->
<!ENTITY prefix "">

<!-- date of documents -->
<!ENTITY date.day "05">
<!ENTITY date.month "June">
<!ENTITY date.monthnum "06"> 
<!ENTITY date.year "2002"> 
<!ENTITY doc.date "&date.year;&date.monthnum;&date.day;"> 
<!ENTITY dom2.prefix "DOM-Level-2">
<!ENTITY dom.prefix "CR-&dom2.prefix;">
<!ENTITY doc.prefix "&dom.prefix;-&prefix;">

<!-- ***** Use this for internal release
<!ENTITY release "confidential to W3C members and invited experts"> 
<!ENTITY review "<emph role='important'>DOM IG</emph>"> 
<!ENTITY to-mail "w3c-dom-ig@w3.org">
<!ENTITY mailarchive "http://lists.w3.org/Archives/Member/w3c-dom-ig/"> 
<!ENTITY tr.url "http://www.w3.org/&date.year;/&date.monthnum;">
<!ENTITY latest.tr.url "http://www.w3.org/DOM/Group/drafts">
<!ENTITY this.url "&tr.url;/&doc.prefix;-&doc.date;"> 
<!ENTITY pdf.loc "">
<!ENTITY txt.loc "">
<!ENTITY html.loc "">
<!ENTITY prev.url "http://www.w3.org/TR/2001/&doc.prefix;-20010410">
<!ENTITY prev.locs "&prev.loc;">
 ***** -->

<!-- ***** Use this for public release -->
<!ENTITY release "for public review"> 
<!ENTITY review "public"> 
<!ENTITY to-mail "www-dom@w3.org"> 
<!ENTITY mailarchive "http://lists.w3.org/Archives/Public/www-dom/"> 
<!ENTITY translation.url "http://www.w3.org/2000/11/&dom2.prefix;-translations"> 
<!ENTITY errata.url "http://www.w3.org/2000/11/&dom2.prefix;-errata"> 
<!ENTITY latest.tr.url "http://www.w3.org/TR">
<!ENTITY tr.url "&latest.tr.url;/&date.year;">
<!ENTITY this.url "&tr.url;/&doc.prefix;-&doc.date;"> 
<!ENTITY pdf.loc "<loc role='pdf' href='&this.url;/DOM2-&prefix;.pdf'>PDF file</loc>">
<!ENTITY txt.loc "<loc role='plain' href='&this.url;/DOM2-&prefix;.txt'>plain text</loc>">
<!ENTITY html.loc "<loc role='html' href='&this.url;/DOM2-&prefix;.html'>single HTML file</loc>">
<!ENTITY prev.url "http://www.w3.org/TR/2000/PR-&dom2.prefix;-&prefix;-20000927">
<!ENTITY prev.locs "&prev.loc;">
<!-- ***** -->

<!ENTITY core.url "http://www.w3.org/TR/2000/REC-DOM-Level-2-Core-20001113/"> 
<!ENTITY html.url "&tr.url;/&dom.prefix;-&html.prefix;-&doc.date;"> 
<!ENTITY views.url "http://www.w3.org/TR/2000/REC-DOM-Level-2-Views-20001113/"> 
<!ENTITY style.url "http://www.w3.org/TR/2000/REC-DOM-Level-2-Style-20001113/"> 
<!ENTITY events.url "http://www.w3.org/TR/2000/REC-DOM-Level-2-Events-20001113/"> 
<!ENTITY traversal-range.url "http://www.w3.org/TR/2000/REC-DOM-Level-2-Traversal-Range-20001113/"> 

<!ENTITY latest.url "&latest.tr.url;/&dom2.prefix;-&prefix;">
<!ENTITY core.latest.url "&latest.tr.url;/&dom2.prefix;-&core.prefix;"> 
<!ENTITY html.latest.url "&latest.tr.url;/&dom2.prefix;-&html.prefix;"> 
<!ENTITY views.latest.url "&latest.tr.url;/&dom2.prefix;-&views.prefix;"> 
<!ENTITY style.latest.url "&latest.tr.url;/&dom2.prefix;-&style.prefix;"> 
<!ENTITY events.latest.url "&latest.tr.url;/&dom2.prefix;-&events.prefix;"> 
<!ENTITY traversal-range.latest.url "&latest.tr.url;/&dom2.prefix;-&traversal-range.prefix;"> 

<!ENTITY zip.loc "<loc role='zip' href='&this.url;/DOM2-&prefix;.zip'>ZIP file</loc>">
<!ENTITY ps.loc "<loc role='postscript' href='&this.url;/DOM2-&prefix;.ps'>PostScript file</loc>">
<!ENTITY prev.loc "<loc href='&prev.url;'>&prev.url;</loc>">
