<?xml version="1.0" encoding="UTF-8"?>
<!-- $Date: 2002/04/23 20:36:54 $ $Revision: 1.4 $ -->
    <interface name="HTMLLabelElement" inherits="HTMLElement" id="ID-13691394">
	<descr><p>Form field label text. See the <loc href="&html40;/interact/forms.html#edef-LABEL">LABEL element definition</loc> in HTML 4.01.</p></descr>
       <attribute readonly="yes" type="HTMLFormElement" name="form" id="ID-32480901">
          <descr><p>Returns the <code>FORM</code> element containing this control.
	Returns <code>null</code> if this control is not within the context of a form.  </p></descr>
       </attribute>
       <attribute  type="DOMString" name="accessKey" id="ID-43589892">
          <descr><p>A single character access key to give access to the form control. See the <loc href="&html40;/interact/forms.html#adef-accesskey">accesskey attribute definition</loc> in HTML 4.01.</p></descr>
       </attribute>
       <attribute  type="DOMString" name="htmlFor" id="ID-96509813">
          <descr><p>This attribute links this label with another form control
by <code>id</code> attribute. See the <loc href="&html40;/interact/forms.html#adef-for">for attribute definition</loc> in HTML 4.01.</p></descr>
       </attribute>
</interface>
