<?xml version="1.0" encoding="UTF-8"?>
<!-- $Date: 2002/04/23 20:36:54 $ $Revision: 1.5 $ -->
    <interface name="HTMLQuoteElement" inherits="HTMLElement" id="ID-70319763">
	<descr><p>For the <code>Q</code> and <code>BLOCKQUOTE</code> elements. See the <loc href="&html40;/struct/text.html#edef-Q">Q element definition</loc> in HTML 4.01.</p></descr>
       <attribute  type="DOMString" name="cite" id="ID-53895598">
    <descr><p>A URI <bibref ref="RFC2396"/> designating a source document or message. See the <loc href="&html40;/struct/text.html#adef-cite-Q">cite attribute definition</loc> in HTML 4.01.</p></descr>
       </attribute>
</interface>
