<?xml version="1.0" encoding="UTF-8"?>
<!-- $Date: 2002/04/23 20:36:54 $ $Revision: 1.6 $ -->
    <interface name="HTMLTableCellElement" inherits="HTMLElement" id="ID-82915075">
	<descr><p>The object used to represent the <code>TH</code> and <code>TD</code>
elements. See the <loc href="&html40;/struct/tables.html#edef-TD">TD element definition</loc> in HTML 4.01.</p></descr>
       <attribute type="long" name="cellIndex" id="ID-80748363" readonly="yes">
          <descr><p>The index of this cell in the row, starting from
	0. This index is in document tree order and not display order.</p></descr>
       </attribute>
       <attribute  type="DOMString" name="abbr" id="ID-74444037">
          <descr><p>Abbreviation for header cells. See the <loc href="&html40;/struct/tables.html#adef-abbr">abbr attribute definition</loc> in HTML 4.01.</p></descr>
       </attribute>
       <attribute  type="DOMString" name="align" id="ID-98433879">
          <descr><p>Horizontal alignment of data in cell. See the <loc href="&html40;/struct/tables.html#adef-align-TD">align attribute definition</loc> in HTML 4.01.</p></descr>
       </attribute>
       <attribute  type="DOMString" name="axis" id="ID-76554418">
          <descr><p>Names group of related headers. See the <loc href="&html40;/struct/tables.html#adef-axis">axis attribute definition</loc> in HTML 4.01.</p></descr>
       </attribute>
       <attribute  type="DOMString" name="bgColor" id="ID-88135431">
          <descr><p>Cell background color. See the <loc href="&html40;/present/graphics.html#adef-bgcolor">bgcolor attribute definition</loc> in HTML 4.01. This attribute is deprecated in HTML 4.01.</p></descr>
       </attribute>
       <attribute  type="DOMString" name="ch" id="ID-30914780">
          <descr><p>Alignment character for cells in a column. See the <loc href="&html40;/struct/tables.html#adef-char">char attribute definition</loc> in HTML 4.01.</p></descr>
       </attribute>
       <attribute  type="DOMString" name="chOff" id="ID-20144310">
          <descr><p>Offset of alignment character. See the <loc href="&html40;/struct/tables.html#adef-charoff">charoff attribute definition</loc> in HTML 4.01.</p></descr>
       </attribute>
       <attribute  type="long" name="colSpan" id="ID-84645244">
          <descr><p>Number of columns spanned by cell. See the <loc href="&html40;/struct/tables.html#adef-colspan">colspan attribute definition</loc> in HTML 4.01.</p></descr>
       </attribute>
       <attribute  type="DOMString" name="headers" id="ID-89104817">
          <descr><p>List of <code>id</code> attribute values for header cells. See the <loc href="&html40;/struct/tables.html#adef-headers">headers attribute definition</loc> in HTML 4.01.</p></descr>
       </attribute>
       <attribute  type="DOMString" name="height" id="ID-83679212">
          <descr><p>Cell height. See the <loc href="&html40;/struct/tables.html#adef-height-TH">height attribute definition</loc> in HTML 4.01. This attribute is deprecated in HTML 4.01.</p></descr>
       </attribute>
       <attribute  type="boolean" name="noWrap" id="ID-62922045">
          <descr><p>Suppress word wrapping. See the <loc href="&html40;/struct/tables.html#adef-nowrap">nowrap attribute definition</loc> in HTML 4.01. This attribute is deprecated in HTML 4.01.</p></descr>
       </attribute>
       <attribute  type="long" name="rowSpan" id="ID-48237625">
          <descr><p>Number of rows spanned by cell. See the <loc href="&html40;/struct/tables.html#adef-rowspan">rowspan attribute definition</loc> in HTML 4.01.</p></descr>
       </attribute>
       <attribute  type="DOMString" name="scope" id="ID-36139952">
          <descr><p>Scope covered by header cells. See the <loc href="&html40;/struct/tables.html#adef-scope">scope attribute definition</loc> in HTML 4.01.</p></descr>
       </attribute>
       <attribute  type="DOMString" name="vAlign" id="ID-58284221">
          <descr><p>Vertical alignment of data in cell. See the <loc href="&html40;/struct/tables.html#adef-valign">valign attribute definition</loc> in HTML 4.01.</p></descr>
       </attribute>
       <attribute  type="DOMString" name="width" id="ID-27480795">
          <descr><p>Cell width. See the <loc href="&html40;/struct/tables.html#adef-width-TH">width attribute definition</loc> in HTML 4.01. This attribute is deprecated in HTML 4.01.</p></descr>
       </attribute>
</interface>
