<?xml version="1.0" encoding="UTF-8"?>
<!-- $Date: 2002/04/23 20:36:54 $ $Revision: 1.8 $ -->
    <interface name="HTMLTableElement" inherits="HTMLElement" id="ID-64060425">
	<descr><p>The create* and delete* methods on the table allow authors to construct
      and modify tables. <bibref ref="HTML40"/> specifies that only one of each of the
 <code>CAPTION</code>, <code>THEAD</code>, and <code>TFOOT</code>
elements may exist in a table. Therefore, if one exists, and the
createTHead() or createTFoot() method is called, the method returns
the existing THead or TFoot element. See the <loc href="&html40;/struct/tables.html#edef-TABLE">TABLE element definition</loc> in HTML 4.01.</p></descr>
       <attribute  type="HTMLTableCaptionElement" name="caption" id="ID-14594520">
          <descr><p>Returns the table's <code>CAPTION</code>, or void if
	none exists. </p>      
    </descr>
    <setraises>
      <exception name="DOMException">
	<descr>
	  <p>
	    HIERARCHY_REQUEST_ERR: if the element is not a <code>CAPTION</code>.
	  </p>
	</descr>
      </exception>
    </setraises>
       </attribute>
       <attribute  type="HTMLTableSectionElement" name="tHead" id="ID-9530944">
          <descr><p>Returns the table's <code>THEAD</code>, or
	  <code>null</code> if none exists.
 </p></descr>
    <setraises>
      <exception name="DOMException">
	<descr>
	  <p>
	    HIERARCHY_REQUEST_ERR: if the element is not a <code>THEAD</code>.
	  </p>
	</descr>
      </exception>
    </setraises>
       </attribute>
       <attribute  type="HTMLTableSectionElement" name="tFoot" id="ID-64197097">
          <descr><p>Returns the table's <code>TFOOT</code>, or
	  <code>null</code> if none exists.
 </p></descr>
    <setraises>
      <exception name="DOMException">
	<descr>
	  <p>
	    HIERARCHY_REQUEST_ERR: if the element is not a <code>TFOOT</code>.
	  </p>
	</descr>
      </exception>
    </setraises>
       </attribute>
       <attribute readonly="yes" type="HTMLCollection" name="rows" id="ID-6156016">
          <descr><p>Returns a collection of all the rows in the table,
	  including all in <code>THEAD</code>, <code>TFOOT</code>, all
	<code>TBODY</code> elements. </p></descr>
       </attribute>
       <attribute  readonly="yes" type="HTMLCollection" name="tBodies" id="ID-63206416">
          <descr><p>Returns a collection of the defined table bodies. </p></descr>
       </attribute>
       <attribute  type="DOMString" name="align" id="ID-23180977">
          <descr><p>Specifies the table's position with respect to the rest of the document. See the <loc href="&html40;/struct/tables.html#adef-align-TABLE">align attribute definition</loc> in HTML 4.01. This attribute is deprecated in HTML 4.01.</p></descr>
       </attribute>
       <attribute  type="DOMString" name="bgColor" id="ID-83532985">
          <descr><p>Cell background color. See the <loc href="&html40;/present/graphics.html#adef-bgcolor">bgcolor attribute definition</loc> in HTML 4.01. This attribute is deprecated in HTML 4.01.</p></descr>
       </attribute>
       <attribute  type="DOMString" name="border" id="ID-50969400">
          <descr><p>The width of the border around the table. See the <loc href="&html40;/struct/tables.html#adef-border-TABLE">border attribute definition</loc> in HTML 4.01.</p></descr>
       </attribute>
       <attribute  type="DOMString" name="cellPadding" id="ID-59162158">
          <descr><p>Specifies the horizontal and vertical space between cell content and
cell borders. See the <loc href="&html40;/struct/tables.html#adef-cellpadding">cellpadding attribute definition</loc> in HTML 4.01.</p></descr>
       </attribute>
       <attribute  type="DOMString" name="cellSpacing" id="ID-68907883">
          <descr><p>Specifies the horizontal and vertical separation between cells. See the <loc href="&html40;/struct/tables.html#adef-cellspacing">cellspacing attribute definition</loc> in HTML 4.01.</p></descr>
       </attribute>
       <attribute  type="DOMString" name="frame" id="ID-64808476">
          <descr><p>Specifies which external table borders to render. See the <loc href="&html40;/struct/tables.html#adef-frame">frame attribute definition</loc> in HTML 4.01.</p></descr>
       </attribute>
       <attribute  type="DOMString" name="rules" id="ID-26347553">
          <descr><p>Specifies which internal table borders to render. See the <loc href="&html40;/struct/tables.html#adef-rules">rules attribute definition</loc> in HTML 4.01.</p></descr>
       </attribute>
       <attribute  type="DOMString" name="summary" id="ID-44998528">
          <descr><p>Description about the purpose or structure
of a table. See the <loc href="&html40;/struct/tables.html#adef-summary">summary attribute definition</loc> in HTML 4.01.</p></descr>
       </attribute>
       <attribute  type="DOMString" name="width" id="ID-77447361">
          <descr><p>Specifies the desired table width. See the <loc href="&html40;/struct/tables.html#adef-width-TABLE">width attribute definition</loc> in HTML 4.01.</p></descr>
       </attribute>
       <method name="createTHead" id="ID-70313345">
          <descr><p>Create a table header row or return an existing one.</p></descr>
          <parameters>
	  <!-- No parameters -->
          </parameters>
          <returns type="HTMLElement">
             <descr><p>A new table header element (<code>THEAD</code>).</p></descr>
          </returns>
          <raises>
          <!-- No exceptions -->
          </raises>
       </method>
       <method name="deleteTHead" id="ID-38310198">
          <descr><p>Delete the header from the table, if one exists.</p></descr>
          <parameters>
	  <!-- No parameters -->
          </parameters>
          <returns type="void">
             <descr><p></p></descr>
          </returns>
          <raises>
          <!-- No exceptions -->
          </raises>
       </method>
       <method name="createTFoot" id="ID-8453710">
          <descr><p>Create a table footer row or return an existing one.</p></descr>
          <parameters>
	  <!-- No parameters -->
          </parameters>
          <returns type="HTMLElement">
             <descr><p>A footer element (<code>TFOOT</code>).</p></descr>
          </returns>
          <raises>
          <!-- No exceptions -->
          </raises>
       </method>
       <method name="deleteTFoot" id="ID-78363258">
          <descr><p>Delete the footer from the table, if one exists.</p></descr>
          <parameters>
	  <!-- No parameters -->
          </parameters>
          <returns type="void">
             <descr><p></p></descr>
          </returns>
          <raises>
          <!-- No exceptions -->
          </raises>
       </method>
       <method name="createCaption" id="ID-96920263">
          <descr><p>Create a new table caption object or return an existing one.</p></descr>
          <parameters>
	  <!-- No parameters -->
          </parameters>
          <returns type="HTMLElement">
             <descr><p>A <code>CAPTION</code> element.</p></descr>
          </returns>
          <raises>
          <!-- No exceptions -->
          </raises>
       </method>
       <method name="deleteCaption" id="ID-22930071">
          <descr><p>Delete the table caption, if one exists.</p></descr>
          <parameters>
	  <!-- No parameters -->
          </parameters>
          <returns type="void">
             <descr><p></p></descr>
          </returns>
          <raises>
          <!-- No exceptions -->
          </raises>
       </method>
       <method name="insertRow" id="ID-39872903">
    <descr><p>Insert a new empty row in the table. The new row is inserted
	immediately before and in the same section as the current
	<code>index</code>th row in the table. If <code>index</code> is
	equal to the number of rows, the new row is appended. In addition, when
	the table is empty the row is inserted into a <code>TBODY</code> which
	is created and inserted into the table.</p>
      <note><p>A table row cannot be empty
	  according to <bibref ref="HTML40"/>.</p>
      </note></descr>
          <parameters>
	  
<param id="ID-3501423" name="index" type="long" attr="in">
<descr><p>The row number where to insert a new row. This index starts from 0
	    and is relative to all the rows contained inside the table,
	    regardless of section parentage.</p></descr>
</param>
          </parameters>
          <returns type="HTMLElement">
             <descr><p>The newly created row.</p></descr>
          </returns>
          <raises>
      <exception name="DOMException">
        <descr><p>INDEX_SIZE_ERR: Raised if the specified index is
	    greater than the number of rows or if the index is negative.</p>
	</descr>
      </exception>
          </raises>
       </method>
       <method name="deleteRow" id="ID-13114938">
          <descr><p>Delete a table row.</p></descr>
          <parameters>
	  
<param id="ID-41440100" name="index" type="long" attr="in">
<descr><p>The index of the row to be deleted. This index starts from 0 and is
	    relative to all the rows contained inside the table, regardless of
	    section parentage.</p></descr>
</param>
          </parameters>
          <returns type="void">
             <descr><p></p></descr>
          </returns>
          <raises>
      <exception name="DOMException">
        <descr><p>INDEX_SIZE_ERR: Raised if the specified index is
	    greater than or equal to the number of rows or if the index is negative.</p>
	</descr>
      </exception>
          </raises>
       </method>
</interface>
