<?xml version="1.0" encoding="UTF-8"?>
<!-- $Date: 2002/04/23 20:36:54 $ $Revision: 1.3 $ -->
    <interface name="HTMLTableColElement" inherits="HTMLElement" id="ID-84150186">
	<descr><p>Regroups the <code>COL</code> and <code>COLGROUP</code> elements. See the <loc href="&html40;/struct/tables.html#edef-COL">COL element definition</loc> in HTML 4.01.</p></descr>
       <attribute  type="DOMString" name="align" id="ID-31128447">
          <descr><p>Horizontal alignment of cell data in column. See the <loc href="&html40;/struct/tables.html#adef-align-TD">align attribute definition</loc> in HTML 4.01.</p></descr>
       </attribute>
       <attribute  type="DOMString" name="ch" id="ID-9447412">
          <descr><p>Alignment character for cells in a column. See the <loc href="&html40;/struct/tables.html#adef-char">char attribute definition</loc> in HTML 4.01.</p></descr>
       </attribute>
       <attribute  type="DOMString" name="chOff" id="ID-57779225">
          <descr><p>Offset of alignment character. See the <loc href="&html40;/struct/tables.html#adef-charoff">charoff attribute definition</loc> in HTML 4.01.</p></descr>
       </attribute>
       <attribute  type="long" name="span" id="ID-96511335">
          <descr><p>Indicates the number of columns in a group or affected by a grouping. See the <loc href="&html40;/struct/tables.html#adef-span-COL">span attribute definition</loc> in HTML 4.01.</p></descr>
       </attribute>
       <attribute  type="DOMString" name="vAlign" id="ID-83291710">
          <descr><p>Vertical alignment of cell data in column. See the <loc href="&html40;/struct/tables.html#adef-valign">valign attribute definition</loc> in HTML 4.01.</p></descr>
       </attribute>
       <attribute  type="DOMString" name="width" id="ID-25196799">
          <descr><p>Default column width. See the <loc href="&html40;/struct/tables.html#adef-width-COL">width attribute definition</loc> in HTML 4.01.</p></descr>
       </attribute>
</interface>
