<?xml version="1.0" encoding="UTF-8"?>
<!-- $Date: 2002/04/23 20:36:54 $ $Revision: 1.4 $ -->
    <interface name="HTMLLegendElement" inherits="HTMLElement" id="ID-21482039">
	<descr><p>Provides a caption for a <code>FIELDSET</code> grouping.  See the <loc href="&html40;/interact/forms.html#edef-LEGEND">LEGEND element definition</loc> in HTML 4.01.</p></descr>
       <attribute readonly="yes" type="HTMLFormElement" name="form" id="ID-29594519">
          <descr><p>Returns the <code>FORM</code> element containing this control.
	Returns <code>null</code> if this control is not within the context of a form.  </p></descr>
       </attribute>
       <attribute  type="DOMString" name="accessKey" id="ID-11297832">
          <descr><p>A single character access key to give access to the form control. See the <loc href="&html40;/interact/forms.html#adef-accesskey">accesskey attribute definition</loc> in HTML 4.01.</p></descr>
       </attribute>
       <attribute  type="DOMString" name="align" id="ID-79538067">
          <descr><p>Text alignment relative to <code>FIELDSET</code>. See the <loc href="&html40;/interact/forms.html#adef-align-LEGEND">align attribute definition</loc> in HTML 4.01. This attribute is deprecated in HTML 4.01.</p></descr>
       </attribute>
</interface>
