<?xml version="1.0" encoding="UTF-8"?>
<!-- $Date: 2002/04/23 20:36:54 $ $Revision: 1.7 $ -->
    <interface name="HTMLImageElement" inherits="HTMLElement" id="ID-17701901">
	<descr><p>Embedded image. See the <loc href="&html40;/struct/objects.html#edef-IMG">IMG element definition</loc> in HTML 4.01.</p></descr>
       <attribute  type="DOMString" name="name" id="ID-47534097">
          <descr><p>The name of the element (for backwards compatibility). </p></descr>
       </attribute>
       <attribute  type="DOMString" name="align" id="ID-3211094">
          <descr><p>Aligns this object (vertically or horizontally) 
with respect to its surrounding text. See the <loc href="&html40;/struct/objects.html#adef-align-IMG">align attribute definition</loc> in HTML 4.01. This attribute is deprecated in HTML 4.01.</p></descr>
       </attribute>
       <attribute  type="DOMString" name="alt" id="ID-95636861">
          <descr><p>Alternate text for user agents not rendering the normal content
of this element. See the <loc href="&html40;/struct/objects.html#adef-alt">alt attribute definition</loc> in HTML 4.01.</p></descr>
       </attribute>
       <attribute  type="long" name="border" id="ID-136671">
          <descr><p>Width of border around image in pixels. See the
          <loc href="&html40;/struct/objects.html#adef-border-IMG">
          border attribute definition</loc> in HTML 4.01. This
          attribute is deprecated in HTML 4.01. Note that the type of
          this attribute was <code>DOMString</code> in DOM Level 1
          HTML <bibref ref="DOM-Level-1"/>.</p></descr>
       </attribute>
       <attribute  type="long" name="height" id="ID-91561496">
          <descr><p>Height of the image in pixels. See the <loc
          href="&html40;/struct/objects.html#adef-height-IMG">height
          attribute definition</loc> in HTML 4.01. Note that the type
          of this attribute was <code>DOMString</code> in DOM Level 1
          HTML <bibref ref="DOM-Level-1"/>.</p></descr>
       </attribute>
       <attribute  type="long" name="hspace" id="ID-53675471">
          <descr><p>Horizontal space to the left and right of this
          image in pixels. See the <loc
          href="&html40;/struct/objects.html#adef-hspace">hspace
          attribute definition</loc> in HTML 4.01. This attribute is
          deprecated in HTML 4.01. Note that the type of this attribute
          was <code>DOMString</code> in DOM Level 1 HTML <bibref ref="DOM-Level-1"/>.</p></descr>
       </attribute>
       <attribute  type="boolean" name="isMap" id="ID-58983880">
          <descr><p>Use server-side image map. See the <loc href="&html40;/struct/objects.html#adef-ismap">ismap attribute definition</loc> in HTML 4.01.</p></descr>
       </attribute>
       <attribute  type="DOMString" name="longDesc" id="ID-77376969">
    <descr><p>URI <bibref ref="RFC2396"/> designating a long description of this image or frame. See the <loc href="&html40;/struct/objects.html#adef-longdesc-IMG">longdesc attribute definition</loc> in HTML 4.01.</p></descr>
       </attribute>
       <attribute  type="DOMString" name="src" id="ID-87762984">
    <descr><p>URI <bibref ref="RFC2396"/> designating the source of this image. See the <loc href="&html40;/struct/objects.html#adef-src-IMG">src attribute definition</loc> in HTML 4.01.</p></descr>
       </attribute>
       <attribute  type="DOMString" name="useMap" id="ID-35981181">
          <descr><p>Use client-side image map. See the <loc href="&html40;/struct/objects.html#adef-usemap">usemap attribute definition</loc> in HTML 4.01.</p></descr>
       </attribute>
       <attribute  type="long" name="vspace" id="ID-85374897">
          <descr><p>Vertical space above and below this image in
          pixels. See the <loc
          href="&html40;/struct/objects.html#adef-vspace">vspace
          attribute definition</loc> in HTML 4.01. This attribute is
          deprecated in HTML 4.01. Note that the type of this attribute
	was "DOMString" in DOM Level 1 HTML <bibref ref="DOM-Level-1"/>.</p></descr>
       </attribute>
       <attribute  type="long" name="width" id="ID-13839076">
          <descr><p>The width of the image in pixels. See the <loc
          href="&html40;/struct/objects.html#adef-width-IMG">width
          attribute definition</loc> in HTML 4.01. Note that the type
          of this attribute was <code>DOMString</code> in DOM Level 1
          HTML <bibref ref="DOM-Level-1"/>.</p></descr>
       </attribute>
</interface>
