<?xml version="1.0" encoding="UTF-8"?>
<!-- $Date: 2002/04/23 20:36:54 $ $Revision: 1.9 $ -->
<interface name="HTMLStyleElement" inherits="HTMLElement" id="ID-16428977">
  <descr>
    <p>
      Style information. See the <loc
      href="&html40;/present/styles.html#edef-STYLE">STYLE element
      definition</loc> in HTML 4.01, the CSS module <bibref ref="DOMStyle"/> and
      the <code>LinkStyle</code> interface in the StyleSheets module <bibref
      ref="DOMStyle-inf"/>.
    </p>
  </descr>
  <attribute  type="boolean" name="disabled" id="ID-51162010">
    <descr><p>Enables/disables the style sheet.  </p></descr>
  </attribute>
  <attribute  type="DOMString" name="media" id="ID-76412738">
    <descr><p>Designed for use with one or more target media. See the <loc href="&html40;/present/styles.html#adef-media">media attribute definition</loc> in HTML 4.01.</p></descr>
  </attribute>
  <attribute  type="DOMString" name="type" id="ID-22472002">
    <descr><p>The content type of the style sheet language. See the <loc href="&html40;/present/styles.html#adef-type-STYLE">type attribute definition</loc> in HTML 4.01.</p></descr>
  </attribute>
</interface>
