<?xml version="1.0" encoding="UTF-8"?>
<!-- $Date: 2002/05/29 19:44:07 $ $Revision: 1.7 $ -->
    <interface name="HTMLFormElement" inherits="HTMLElement" id="ID-40002357">
	<descr><p>The <code>FORM</code> element encompasses behavior similar to a
collection and an element. It provides direct access to the contained
form controls as well as the attributes of the form element. See the <loc href="&html40;/interact/forms.html#edef-FORM">FORM element definition</loc> in HTML 4.01.</p></descr>
       <attribute readonly="yes" type="HTMLCollection" name="elements" id="ID-76728479">
          <descr><p>Returns a collection of all form control elements in the form.
 </p></descr>
       </attribute>
       <attribute readonly="yes" type="long" name="length" id="HTML-HTMLFormElement-length">
          <descr><p>The number of form controls in the form.</p></descr>
       </attribute>
       <attribute  type="DOMString" name="name" id="ID-22051454">
          <descr><p>Names the form. </p></descr>
       </attribute>
       <attribute  type="DOMString" name="acceptCharset" id="ID-19661795">
          <descr><p>List of character sets supported by the server. See the <loc href="&html40;/interact/forms.html#adef-accept-charset">accept-charset attribute definition</loc> in HTML 4.01.</p></descr>
       </attribute>
       <attribute  type="DOMString" name="action" id="ID-74049184">
          <descr><p>Server-side form handler. See the <loc href="&html40;/interact/forms.html#adef-action">action attribute definition</loc> in HTML 4.01.</p></descr>
       </attribute>
       <attribute  type="DOMString" name="enctype" id="ID-84227810">
          <descr>
      <p>The content type of the submitted form, generally
      "application/x-www-form-urlencoded".  See the <loc
      href="&html40;/interact/forms.html#adef-enctype">enctype attribute
      definition</loc> in HTML 4.01.</p>
      <note>
	<p>
	  The onsubmit even handler is not guaranteed to be triggered
	  when invoking this method. The behavior is inconsistent for
	  historical reasons and authors should not rely on a particular
	  one.
	</p>
      </note>
    </descr>
       </attribute>
       <attribute  type="DOMString" name="method" id="ID-82545539">
    <descr><p>HTTP method <bibref ref="RFC2616"/> used to submit form. See the <loc href="&html40;/interact/forms.html#adef-method">method attribute definition</loc> in HTML 4.01.</p></descr>
       </attribute>
       <attribute  type="DOMString" name="target" id="ID-6512890">
          <descr><p>Frame to render the resource in. See the <loc href="&html40;/present/frames.html#adef-target">target attribute definition</loc> in HTML 4.01.</p></descr>
       </attribute>
       <method name="submit" id="ID-76767676">
         <descr><p>Submits the form. It performs the same action as a 
           submit button.</p></descr>
         <parameters>
	 <!-- No parameters -->
         </parameters>
         <returns type="void">
         <descr><p></p></descr>
         </returns>
         <raises>
         <!-- No exceptions -->
         </raises>
       </method>

       <method name="reset" id="ID-76767677">
         <descr><p>Restores a form element's default values. It performs 
            the same action as a reset button.</p></descr>
         <parameters>
	 <!-- No parameters -->
         </parameters>
         <returns type="void">
         <descr><p></p></descr>
         </returns>
         <raises>
         <!-- No exceptions -->
         </raises>
       </method>
</interface>
