<?xml version="1.0" encoding="UTF-8"?>
<!-- $Date: 2002/04/23 20:36:54 $ $Revision: 1.9 $ -->
<interface name="HTMLElement" inherits="Element" id="ID-58190037">
  <descr>
    <p>
      All HTML element interfaces derive from this class. Elements that only
      expose the HTML core attributes are represented by the base
      <code>HTMLElement</code> interface. These elements are as follows:
    </p>
    <ulist>
      <item><p>special: SUB, SUP, SPAN, BDO</p></item>  
      <item><p>font: TT, I, B, U, S, STRIKE, BIG, SMALL</p></item>  
      <item><p>phrase: EM, STRONG, DFN, CODE, SAMP, KBD, VAR, CITE, ACRONYM, ABBR</p></item> 
      <item><p>list: DD, DT</p></item> 
      <item><p>NOFRAMES, NOSCRIPT</p></item>  
      <item><p>ADDRESS, CENTER</p></item>  
    </ulist>
    
    <note>
      <p>The <code>style</code> attribute of an HTML element is accessible
	through the <code>ElementCSSInlineStyle</code> interface which is defined
	in the CSS module <bibref ref="DOMStyle-inf"/>. </p>
    </note>
  </descr>
  <attribute  type="DOMString" name="id" id="ID-63534901">
    <descr><p>The element's identifier. See the <loc href="&html40;/struct/global.html#adef-id">id attribute definition</loc> in HTML 4.01.</p></descr>
  </attribute>
  <attribute  type="DOMString" name="title" id="ID-78276800">
    <descr><p>The element's advisory title. See the <loc href="&html40;/struct/global.html#adef-title">title attribute definition</loc> in HTML 4.01.</p></descr>
  </attribute>
  <attribute  type="DOMString" name="lang" id="ID-59132807">
    <descr><p>Language code defined in RFC 1766. See the <loc href="&html40;/struct/dirlang.html#adef-lang">lang attribute definition</loc> in HTML 4.01.</p></descr>
  </attribute>
  <attribute  type="DOMString" name="dir" id="ID-52460740">
    <descr><p>Specifies the base direction of directionally neutral
	text and the directionality of tables. See the <loc href="&html40;/struct/dirlang.html#adef-dir">dir attribute definition</loc> in HTML 4.01.</p></descr>
  </attribute>
  <attribute  type="DOMString" name="className" id="ID-95362176">
    <descr><p>The class attribute of the element. This attribute has been renamed
	due to conflicts with the "class" keyword exposed by many languages. See the <loc href="&html40;/struct/global.html#adef-class">class attribute definition</loc> in HTML 4.01.</p></descr>
  </attribute>
</interface>
