<?xml version="1.0" encoding="UTF-8"?>
<!-- $Date: 2002/04/23 20:36:54 $ $Revision: 1.3 $ -->
    <interface name="HTMLBaseFontElement" inherits="HTMLElement" id="ID-32774408">
	<descr><p>Base font. See the <loc href="&html40;/present/graphics.html#edef-BASEFONT">BASEFONT element definition</loc> in HTML 4.01. This element is deprecated in HTML 4.01.</p></descr>
       <attribute  type="DOMString" name="color" id="ID-87502302">
          <descr><p>Font color. See the <loc href="&html40;/">color attribute definition</loc> in HTML 4.01. This attribute is deprecated in HTML 4.01.</p></descr>
       </attribute>
       <attribute  type="DOMString" name="face" id="ID-88128969">
          <descr><p>Font face identifier. See the <loc href="&html40;/">face attribute definition</loc> in HTML 4.01. This attribute is deprecated in HTML 4.01.</p></descr>
       </attribute>
       <attribute  type="DOMString" name="size" id="ID-38930424">
          <descr><p>Font size. See the <loc href="&html40;/present/graphics.html#adef-size-BASEFONT">size attribute definition</loc> in HTML 4.01. This attribute is deprecated in HTML 4.01.</p></descr>
       </attribute>
</interface>
