<?xml version="1.0" encoding="UTF-8"?>
<!-- $Date: 2002/04/23 20:36:54 $ $Revision: 1.4 $ -->
    <interface name="HTMLLIElement" inherits="HTMLElement" id="ID-74680021">
	<descr><p>List item. See the <loc href="&html40;/struct/lists.html#edef-LI">LI element definition</loc> in HTML 4.01.</p></descr>
       <attribute  type="DOMString" name="type" id="ID-52387668">
          <descr><p>List item bullet style. See the <loc href="&html40;/struct/lists.html#adef-type-LI">type attribute definition</loc> in HTML 4.01. This attribute is deprecated in HTML 4.01.</p></descr>
       </attribute>
       <attribute  type="long" name="value" id="ID-45496263">
          <descr><p>Reset sequence number when used in <code>OL</code>. See the <loc href="&html40;/struct/lists.html#adef-value-LI">value attribute definition</loc> in HTML 4.01. This attribute is deprecated in HTML 4.01.</p></descr>
       </attribute>
</interface>
