<?xml version="1.0" encoding="UTF-8"?>
<!-- $Date: 2002/04/23 20:36:54 $ $Revision: 1.3 $ -->
    <interface name="HTMLTableCaptionElement" inherits="HTMLElement" id="ID-12035137">
	<descr><p>Table caption See the <loc href="&html40;/struct/tables.html#edef-CAPTION">CAPTION element definition</loc> in HTML 4.01.</p></descr>
       <attribute  type="DOMString" name="align" id="ID-79875068">
          <descr><p>Caption alignment with respect to the table. See the <loc href="&html40;/struct/tables.html#adef-align-CAPTION">align attribute definition</loc> in HTML 4.01. This attribute is deprecated in HTML 4.01.</p></descr>
       </attribute>
</interface>
