<?xml version="1.0" encoding="UTF-8"?>
<!-- $Date: 2002/04/23 20:36:54 $ $Revision: 1.3 $ -->
    <interface name="HTMLFrameSetElement" inherits="HTMLElement" id="ID-43829095">
	<descr><p>Create a grid of frames. See the <loc href="&html40;/present/frames.html#edef-FRAMESET">FRAMESET element definition</loc> in HTML 4.01.</p></descr>
       <attribute  type="DOMString" name="cols" id="ID-98869594">
          <descr><p>The number of columns of frames in the frameset. See the <loc href="&html40;/present/frames.html#adef-cols-FRAMESET">cols attribute definition</loc> in HTML 4.01.</p></descr>
       </attribute>
       <attribute  type="DOMString" name="rows" id="ID-19739247">
          <descr><p>The number of rows of frames in the frameset. See the <loc href="&html40;/present/frames.html#adef-rows-FRAMESET">rows attribute definition</loc> in HTML 4.01.</p></descr>
       </attribute>
</interface>
