<?xml version="1.0" encoding="UTF-8"?>
<!-- $Date: 2002/04/23 20:36:54 $ $Revision: 1.3 $ -->
    <interface name="HTMLMapElement" inherits="HTMLElement" id="ID-94109203">
	<descr><p>Client-side image map. See the <loc href="&html40;/struct/objects.html#edef-MAP">MAP element definition</loc> in HTML 4.01.</p></descr>
       <attribute readonly="yes" type="HTMLCollection" name="areas" id="ID-71838730">
          <descr><p>The list of areas defined for the image map. </p></descr>
       </attribute>
       <attribute  type="DOMString" name="name" id="ID-52696514">
          <descr><p>Names the map (for use with <code>usemap</code>). See the <loc href="&html40;/struct/objects.html#adef-name-MAP">name attribute definition</loc> in HTML 4.01.</p></descr>
       </attribute>
</interface>
