<?xml version="1.0" encoding="UTF-8"?>
<!-- $Date: 2002/04/23 20:36:54 $ $Revision: 1.4 $ -->
    <interface name="HTMLFieldSetElement" inherits="HTMLElement" id="ID-7365882">
	<descr><p>Organizes form controls into logical groups. See the 
           <loc href="&html40;/interact/forms.html#edef-FIELDSET">FIELDSET 
           element definition</loc> in HTML 4.01.</p></descr>
       <attribute readonly="yes" type="HTMLFormElement" name="form" id="ID-75392630">
          <descr><p>Returns the <code>FORM</code> element containing this control.
	Returns <code>null</code> if this control is not within the context of a form.  </p></descr>
       </attribute>
</interface>
