<?xml version="1.0" encoding="UTF-8"?>
<!-- $Date: 2002/04/23 20:36:54 $ $Revision: 1.8 $ -->
    <interface name="HTMLOptionElement" inherits="HTMLElement" id="ID-70901257">
	<descr><p>A selectable choice. See the <loc href="&html40;/interact/forms.html#edef-OPTION">OPTION element definition</loc> in HTML 4.01.</p></descr>
       <attribute readonly="yes" type="HTMLFormElement" name="form" id="ID-17116503">
          <descr><p>Returns the <code>FORM</code> element containing this control.
	Returns <code>null</code> if this control is not within the context of a form.  </p></descr>
       </attribute>
       <attribute  type="boolean" name="defaultSelected" id="ID-37770574">
          <descr><p>Represents the value of the HTML selected attribute. The
	value of this attribute does not change if the state of the
	corresponding form control, in an interactive user agent,
	changes. See the <loc
	  href="&html40;/interact/forms.html#adef-selected">selected attribute definition</loc> in HTML 4.01.</p></descr>
       </attribute>
       <attribute readonly="yes" type="DOMString" name="text" id="ID-48154426">
          <descr><p>The text contained within the option element.  </p></descr>
       </attribute>
       <attribute  type="long" name="index" id="ID-14038413" readonly="yes">
          <descr><p>The index of this <code>OPTION</code> in its parent
	<code>SELECT</code>, starting from 0.</p></descr>
       </attribute>
       <attribute  type="boolean" name="disabled" id="ID-23482473">
          <descr><p>The control is unavailable in this context. See the <loc href="&html40;/interact/forms.html#adef-disabled">disabled attribute definition</loc> in HTML 4.01.</p></descr>
       </attribute>
       <attribute  type="DOMString" name="label" id="ID-40736115">
          <descr><p>Option label for use in hierarchical menus. See the <loc href="&html40;/interact/forms.html#adef-label-OPTION">label attribute definition</loc> in HTML 4.01.</p></descr>
       </attribute>
       <attribute type="boolean" name="selected" id="ID-70874476">
          <descr><p>Represents the current state of the corresponding form
	control, in an interactive user agent. Changing this attribute changes
	the state of the form control, but does not change the value of the
	HTML selected attribute of the element.</p></descr>
       </attribute>
       <attribute  type="DOMString" name="value" id="ID-6185554">
          <descr><p>The current form control value. See the <loc href="&html40;/interact/forms.html#adef-value-OPTION">value attribute definition</loc> in HTML 4.01.</p></descr>
       </attribute>
</interface>
