<?xml version="1.0" encoding="UTF-8"?>
<!-- $Date: 2002/04/23 20:36:54 $ $Revision: 1.3 $ -->
    <interface name="HTMLHRElement" inherits="HTMLElement" id="ID-68228811">
	<descr><p>Create a horizontal rule. See the <loc href="&html40;/present/graphics.html#edef-HR">HR element definition</loc> in HTML 4.01.</p></descr>
       <attribute  type="DOMString" name="align" id="ID-15235012">
          <descr><p>Align the rule on the page. See the <loc href="&html40;/present/graphics.html#adef-align-HR">align attribute definition</loc> in HTML 4.01. This attribute is deprecated in HTML 4.01.</p></descr>
       </attribute>
       <attribute  type="boolean" name="noShade" id="ID-79813978">
          <descr><p>Indicates to the user agent that there should be no shading in the
rendering of this element. See the <loc href="&html40;/present/graphics.html#adef-noshade">noshade attribute definition</loc> in HTML 4.01. This attribute is deprecated in HTML 4.01.</p></descr>
       </attribute>
       <attribute  type="DOMString" name="size" id="ID-77612587">
          <descr><p>The height of the rule. See the <loc href="&html40;/present/graphics.html#adef-size-HR">size attribute definition</loc> in HTML 4.01. This attribute is deprecated in HTML 4.01.</p></descr>
       </attribute>
       <attribute  type="DOMString" name="width" id="ID-87744198">
          <descr><p>The width of the rule. See the <loc href="&html40;/present/graphics.html#adef-width-HR">width attribute definition</loc> in HTML 4.01. This attribute is deprecated in HTML 4.01.</p></descr>
       </attribute>
</interface>
