<?xml version="1.0" encoding="UTF-8"?>
<!-- $Date: 2002/04/23 20:36:54 $ $Revision: 1.7 $ -->
    <interface name="HTMLIFrameElement" inherits="HTMLElement" id="ID-50708718">
	<descr><p>Inline subwindows. See the <loc href="&html40;/present/frames.html#edef-IFRAME">IFRAME element definition</loc> in HTML 4.01.</p></descr>
       <attribute  type="DOMString" name="align" id="ID-11309947">
          <descr><p>Aligns this object (vertically or horizontally) 
with respect to its surrounding text. See the <loc href="&html40;/struct/objects.html#adef-align-IMG">align attribute definition</loc> in HTML 4.01. This attribute is deprecated in HTML 4.01.</p></descr>
       </attribute>
       <attribute  type="DOMString" name="frameBorder" id="ID-22463410">
          <descr><p>Request frame borders. See the <loc href="&html40;/present/frames.html#adef-frameborder">frameborder attribute definition</loc> in HTML 4.01.</p></descr>
       </attribute>
       <attribute  type="DOMString" name="height" id="ID-1678118">
          <descr><p>Frame height. See the <loc href="&html40;/present/frames.html#adef-height-IFRAME">height attribute definition</loc> in HTML 4.01.</p></descr>
       </attribute>
       <attribute  type="DOMString" name="longDesc" id="ID-70472105">
    <descr><p>URI <bibref ref="RFC2396"/> designating a long description of this image or frame. See the <loc href="&html40;/present/frames.html#adef-longdesc-IFRAME">longdesc attribute definition</loc> in HTML 4.01.</p></descr>
       </attribute>
       <attribute  type="DOMString" name="marginHeight" id="ID-91371294">
          <descr><p>Frame margin height, in pixels. See the <loc href="&html40;/present/frames.html#adef-marginheight">marginheight attribute definition</loc> in HTML 4.01.</p></descr>
       </attribute>
       <attribute  type="DOMString" name="marginWidth" id="ID-66486595">
          <descr><p>Frame margin width, in pixels. See the <loc href="&html40;/present/frames.html#adef-marginwidth">marginwidth attribute definition</loc> in HTML 4.01.</p></descr>
       </attribute>
       <attribute  type="DOMString" name="name" id="ID-96819659">
          <descr><p>The frame name (object of the <code>target</code> attribute). See the <loc href="&html40;/present/frames.html#adef-name-IFRAME">name attribute definition</loc> in HTML 4.01.</p></descr>
       </attribute>
       <attribute  type="DOMString" name="scrolling" id="ID-36369822">
          <descr><p>Specify whether or not the frame should have scrollbars. See the <loc href="&html40;/present/frames.html#adef-scrolling">scrolling attribute definition</loc> in HTML 4.01.</p></descr>
       </attribute>
       <attribute  type="DOMString" name="src" id="ID-43933957">
    <descr><p>A URI <bibref ref="RFC2396"/> designating the initial frame contents. See the <loc href="&html40;/present/frames.html#adef-src-FRAME">src attribute definition</loc> in HTML 4.01.</p></descr>
       </attribute>
       <attribute  type="DOMString" name="width" id="ID-67133005">
          <descr><p>Frame width. See the <loc href="&html40;/present/frames.html#adef-width-IFRAME">width attribute definition</loc> in HTML 4.01.</p></descr>
       </attribute>
       <attribute  type="Document" name="contentDocument" id="ID-67133006"
          since="DOM Level 2" readonly="yes">
          <descr><p>The document this frame contains, if there is any and it
                   is available, or <code>null</code> otherwise.</p></descr>
       </attribute>
</interface>
