<?xml version="1.0" encoding="UTF-8"?>
<!-- $Date: 2002/04/23 20:36:54 $ $Revision: 1.3 $ -->
    <interface name="HTMLPreElement" inherits="HTMLElement" id="ID-11383425">
	<descr><p>Preformatted text. See the <loc href="&html40;/struct/text.html#edef-PRE">PRE element definition</loc> in HTML 4.01.</p></descr>
       <attribute  type="long" name="width" id="ID-13894083">
          <descr><p>Fixed width for content. See the <loc href="&html40;/struct/text.html#adef-width-PRE">width attribute definition</loc> in HTML 4.01. This attribute is deprecated in HTML 4.01.</p></descr>
       </attribute>
</interface>
