<?xml version="1.0" encoding="UTF-8"?>
<!-- $Date: 2002/04/23 20:36:54 $ $Revision: 1.7 $ -->
    <interface name="HTMLLinkElement" inherits="HTMLElement" id="ID-35143001">
	<descr><p>The <code>LINK</code> element specifies a link to an external
resource, and defines this document's relationship to that resource
(or vice versa).  See the <loc
	href="&html40;/struct/links.html#edef-LINK">LINK
	element definition</loc> in HTML 4.01  (see also the <code>LinkStyle</code> interface in the StyleSheet
        module <bibref ref="DOMStyle-inf"/>).</p></descr>
       <attribute  type="boolean" name="disabled" id="ID-87355129">
          <descr><p>Enables/disables the link. This is currently only used for style sheet
links, and may be used to activate or deactivate style sheets. </p></descr>
       </attribute>
       <attribute  type="DOMString" name="charset" id="ID-63954491">
          <descr><p>The character encoding of the resource being linked to. See the <loc href="&html40;/struct/links.html#adef-charset">charset attribute definition</loc> in HTML 4.01.</p></descr>
       </attribute>
       <attribute  type="DOMString" name="href" id="ID-33532588">
    <descr><p>The URI <bibref ref="RFC2396"/> of the linked resource. See the <loc href="&html40;/struct/links.html#adef-href">href attribute definition</loc> in HTML 4.01.</p></descr>
       </attribute>
       <attribute  type="DOMString" name="hreflang" id="ID-85145682">
          <descr><p>Language code of the linked resource. See the <loc href="&html40;/struct/links.html#adef-hreflang">hreflang attribute definition</loc> in HTML 4.01.</p></descr>
       </attribute>
       <attribute  type="DOMString" name="media" id="ID-75813125">
          <descr><p>Designed for use with one or more target media. See the <loc href="&html40;/present/styles.html#adef-media">media attribute definition</loc> in HTML 4.01.</p></descr>
       </attribute>
       <attribute  type="DOMString" name="rel" id="ID-41369587">
          <descr><p>Forward link type. See the <loc href="&html40;/struct/links.html#adef-rel">rel attribute definition</loc> in HTML 4.01.</p></descr>
       </attribute>
       <attribute  type="DOMString" name="rev" id="ID-40715461">
          <descr><p>Reverse link type. See the <loc href="&html40;/struct/links.html#adef-rev">rev attribute definition</loc> in HTML 4.01.</p></descr>
       </attribute>
       <attribute  type="DOMString" name="target" id="ID-84183095">
          <descr><p>Frame to render the resource in. See the <loc href="&html40;/present/frames.html#adef-target">target attribute definition</loc> in HTML 4.01.</p></descr>
       </attribute>
       <attribute  type="DOMString" name="type" id="ID-32498296">
          <descr><p>Advisory content type. See the <loc href="&html40;/struct/links.html#adef-type-A">type attribute definition</loc> in HTML 4.01.</p></descr>
       </attribute>
</interface>
