<?xml version="1.0" encoding="UTF-8"?>
<!-- $Date: 2002/04/23 20:36:54 $ $Revision: 1.7 $ -->
    <interface name="HTMLFrameElement" inherits="HTMLElement" id="ID-97790553">
	<descr><p>Create a frame. See the <loc href="&html40;/present/frames.html#edef-FRAME">FRAME element definition</loc> in HTML 4.01.</p></descr>
       <attribute  type="DOMString" name="frameBorder" id="ID-11858633">
          <descr><p>Request frame borders. See the <loc href="&html40;/present/frames.html#adef-frameborder">frameborder attribute definition</loc> in HTML 4.01.</p></descr>
       </attribute>
       <attribute  type="DOMString" name="longDesc" id="ID-7836998">
    <descr><p>URI <bibref ref="RFC2396"/> designating a long description of this image or frame. See the <loc href="&html40;/present/frames.html#adef-longdesc-FRAME">longdesc attribute definition</loc> in HTML 4.01.</p></descr>
       </attribute>
       <attribute  type="DOMString" name="marginHeight" id="ID-55569778">
          <descr><p>Frame margin height, in pixels. See the <loc href="&html40;/present/frames.html#adef-marginheight">marginheight attribute definition</loc> in HTML 4.01.</p></descr>
       </attribute>
       <attribute  type="DOMString" name="marginWidth" id="ID-8369969">
          <descr><p>Frame margin width, in pixels. See the <loc href="&html40;/present/frames.html#adef-marginwidth">marginwidth attribute definition</loc> in HTML 4.01.</p></descr>
       </attribute>
       <attribute  type="DOMString" name="name" id="ID-91128709">
          <descr><p>The frame name (object of the <code>target</code> attribute). See the <loc href="&html40;/present/frames.html#adef-name-FRAME">name attribute definition</loc> in HTML 4.01.</p></descr>
       </attribute>
       <attribute  type="boolean" name="noResize" id="ID-80766578">
          <descr><p>When true, forbid user from resizing frame. See the <loc href="&html40;/present/frames.html#adef-noresize">noresize attribute definition</loc> in HTML 4.01.</p></descr>
       </attribute>
       <attribute  type="DOMString" name="scrolling" id="ID-45411424">
          <descr><p>Specify whether or not the frame should have scrollbars. See the <loc href="&html40;/present/frames.html#adef-scrolling">scrolling attribute definition</loc> in HTML 4.01.</p></descr>
       </attribute>
       <attribute  type="DOMString" name="src" id="ID-78799535">
    <descr><p>A URI <bibref ref="RFC2396"/> designating the initial frame contents. See the <loc href="&html40;/present/frames.html#adef-src-FRAME">src attribute definition</loc> in HTML 4.01.</p></descr>
       </attribute>
       <attribute  type="Document" name="contentDocument" id="ID-78799536"
          since="DOM Level 2" readonly="yes">
          <descr><p>The document this frame contains, if there is any and it
                   is available, or <code>null</code> otherwise.</p></descr>
       </attribute>
</interface>
