<?xml version="1.0" encoding="UTF-8"?>
<!-- $Date: 2002/04/23 20:36:54 $ $Revision: 1.4 $ -->
    <interface name="HTMLScriptElement" inherits="HTMLElement" id="ID-81598695">
	<descr><p>Script statements. See the <loc href="&html40;/interact/scripts.html#edef-SCRIPT">SCRIPT element definition</loc> in HTML 4.01.</p></descr>
       <attribute  type="DOMString" name="text" id="ID-46872999">
          <descr><p>The script content of the element. </p></descr>
       </attribute>
       <attribute  type="DOMString" name="htmlFor" id="ID-66979266">
          <descr><p><emph>Reserved for future use.</emph> </p></descr>
       </attribute>
       <attribute  type="DOMString" name="event" id="ID-56700403">
          <descr><p><emph>Reserved for future use.</emph> </p></descr>
       </attribute>
       <attribute  type="DOMString" name="charset" id="ID-35305677">
          <descr><p>The character encoding of the linked resource. See the <loc href="&html40;/struct/links.html#adef-charset">charset attribute definition</loc> in HTML 4.01.</p></descr>
       </attribute>
       <attribute  type="boolean" name="defer" id="ID-93788534">
          <descr><p>Indicates that the user agent can defer processing of the script.  See the <loc href="&html40;/interact/scripts.html#adef-defer">defer attribute definition</loc> in HTML 4.01.</p></descr>
       </attribute>
       <attribute  type="DOMString" name="src" id="ID-75147231">
    <descr><p>URI <bibref ref="RFC2396"/> designating an external script. See the <loc href="&html40;/interact/scripts.html#adef-src-SCRIPT">src attribute definition</loc> in HTML 4.01.</p></descr>
       </attribute>
       <attribute  type="DOMString" name="type" id="ID-30534818">
          <descr><p>The content type of the script language. See the <loc href="&html40;/interact/scripts.html#adef-type-SCRIPT">type attribute definition</loc> in HTML 4.01.</p></descr>
       </attribute>
</interface>
