<?xml version="1.0" encoding="UTF-8"?>
<!-- $Date: 2002/04/23 20:36:54 $ $Revision: 1.4 $ -->
    <interface name="HTMLAppletElement" inherits="HTMLElement" id="ID-31006348">
	<descr><p>An embedded Java applet. See the <loc href="&html40;/struct/objects.html#edef-APPLET">APPLET element definition</loc> in HTML 4.01. This element is deprecated in HTML 4.01.</p></descr>
       <attribute  type="DOMString" name="align" id="ID-8049912">
          <descr><p>Aligns this object (vertically or horizontally) 
with respect to its surrounding text. See the <loc href="&html40;/struct/objects.html#adef-align-IMG">align attribute definition</loc> in HTML 4.01. This attribute is deprecated in HTML 4.01.</p></descr>
       </attribute>
       <attribute  type="DOMString" name="alt" id="ID-58610064">
          <descr><p>Alternate text for user agents not rendering the normal content
of this element. See the <loc href="&html40;/struct/objects.html#adef-alt">alt attribute definition</loc> in HTML 4.01. This attribute is deprecated in HTML 4.01.</p></descr>
       </attribute>
       <attribute  type="DOMString" name="archive" id="ID-14476360">
          <descr><p>Comma-separated archive list. See the <loc href="&html40;/struct/objects.html#adef-archive-APPLET">archive attribute definition</loc> in HTML 4.01. This attribute is deprecated in HTML 4.01.</p></descr>
       </attribute>
       <attribute  type="DOMString" name="code" id="ID-61509645">
          <descr><p>Applet class file.  See the <loc href="&html40;/struct/objects.html#adef-code">code attribute definition</loc> in HTML 4.01. This attribute is deprecated in HTML 4.01.</p></descr>
       </attribute>
       <attribute  type="DOMString" name="codeBase" id="ID-6581160">
    <descr><p>Optional base URI <bibref ref="RFC2396"/> for applet. See the <loc href="&html40;/struct/objects.html#adef-codebase-APPLET">codebase attribute definition</loc> in HTML 4.01. This attribute is deprecated in HTML 4.01.</p></descr>
       </attribute>
       <attribute  type="DOMString" name="height" id="ID-90184867">
          <descr><p>Override height. See the <loc href="&html40;/struct/objects.html#adef-height-APPLET">height attribute definition</loc> in HTML 4.01. This attribute is deprecated in HTML 4.01.</p></descr>
       </attribute>
       <attribute  type="DOMString" name="hspace" id="ID-1567197">
          <descr><p>Horizontal space to the left and right of this image, applet, or object. See the <loc href="&html40;/struct/objects.html#adef-hspace">hspace attribute definition</loc> in HTML 4.01. This attribute is deprecated in HTML 4.01.</p></descr>
       </attribute>
       <attribute  type="DOMString" name="name" id="ID-39843695">
          <descr><p>The name of the applet. See the <loc href="&html40;/struct/objects.html#adef-name-APPLET">name attribute definition</loc> in HTML 4.01. This attribute is deprecated in HTML 4.01.</p></descr>
       </attribute>
       <attribute  type="DOMString" name="object" id="ID-93681523">
          <descr><p>Serialized applet file. See the <loc href="&html40;/struct/objects.html#adef-object">object attribute definition</loc> in HTML 4.01. This attribute is deprecated in HTML 4.01.</p></descr>
       </attribute>
       <attribute  type="DOMString" name="vspace" id="ID-22637173">
          <descr><p>Vertical space above and below this image, applet, or object. See the <loc href="&html40;/struct/objects.html#adef-vspace">vspace attribute definition</loc> in HTML 4.01. This attribute is deprecated in HTML 4.01.</p></descr>
       </attribute>
       <attribute  type="DOMString" name="width" id="ID-16526327">
          <descr><p>Override width. See the <loc href="&html40;/struct/objects.html#adef-width-APPLET">width attribute definition</loc> in HTML 4.01. This attribute is deprecated in HTML 4.01.</p></descr>
       </attribute>
</interface>
