<?xml version="1.0" encoding="UTF-8"?>
<!-- $Date: 2002/05/09 02:05:24 $ $Revision: 1.17 $ -->
    <interface name="HTMLDocument" inherits="Document" id="ID-26809268">
	<descr><p>An <code>HTMLDocument</code> is the root of the HTML
      hierarchy and holds the entire content. Besides providing access to the
      hierarchy, it also provides some <termref def="dt-convenience">convenience</termref> methods for accessing
      certain sets of information from the document.</p>

<p>The following properties have been deprecated in favor of the
      corresponding ones for the <code>BODY</code> element:</p>

<ulist>
<item><p>alinkColor</p></item> 
<item><p>background</p></item>  
<item><p>bgColor</p></item>  
<item><p>fgColor</p></item>  
<item><p>linkColor</p></item>  
<item><p>vlinkColor</p></item>  
</ulist>
    <note><p>In DOM Level 2, the method <code>getElementById</code> is
	inherited from the <code>Document</code> interface where it was
	moved to.</p></note>
  </descr>
       <attribute  type="DOMString" name="title" id="ID-18446827">
          <descr><p>The title of a document as specified by the <code>TITLE</code>
element in the head of the document. </p></descr>
       </attribute>
       <attribute  readonly="yes" type="DOMString" name="referrer" id="ID-95229140">
          <descr><p>Returns the URI <bibref ref="RFC2396"/> of the page that linked to this page. The value is
an empty string if the user navigated to the page directly (not
through a link, but, for example, via a bookmark). </p></descr>
       </attribute>
       <attribute readonly="yes" type="DOMString" name="domain" id="ID-2250147">
    <descr><p>The domain name of the server that served the document, or <code>null</code>
	if the server cannot be identified by a domain name. </p></descr>
       </attribute>
       <attribute readonly="yes" type="DOMString" name="URL" id="ID-46183437">
    <descr><p>The absolute URI <bibref ref="RFC2396"/> of the document. </p></descr>
       </attribute>
       <attribute type="HTMLElement" name="body" id="ID-56360201">
          <descr><p>The element that contains the content for the document. In documents
with <code>BODY</code> contents, returns the <code>BODY</code>
element. In frameset documents, this returns the outermost
<code>FRAMESET</code> element. </p></descr>
       </attribute>
       <attribute readonly="yes" type="HTMLCollection" name="images" id="ID-90379117">
          <descr><p>A collection of all the <code>IMG</code> elements in a document.
               The behavior is limited to <code>IMG</code> elements for backwards compatibility.
      </p>
      <note>
	<p>As suggested by <bibref ref="HTML40"/>, to include images, authors
	may use the <code>OBJECT</code> element or the <code>IMG</code>
	element. Therefore, it is recommended not to use this attribute to find
	the images in the document but <code>getElementsByTagName</code> with
	HTML 4.01 or <code>getElementsByTagNameNS</code> with XHTML 1.0.</p>
      </note>
    </descr>
       </attribute>
       <attribute readonly="yes" type="HTMLCollection" name="applets" id="ID-85113862">
          <descr><p>A collection of all the <code>OBJECT</code> elements that include
applets and <code>APPLET</code> (<emph>deprecated</emph>) elements in
a document. </p></descr>
       </attribute>
       <attribute readonly="yes" type="HTMLCollection" name="links" id="ID-7068919">
          <descr><p>A collection of all <code>AREA</code> elements and
anchor (<code>A</code>) elements in a document
with a value for the <code>href</code> attribute. </p></descr>
       </attribute>
       <attribute readonly="yes" type="HTMLCollection" name="forms" id="ID-1689064">
          <descr><p>A collection of all the forms of a document. </p></descr>
       </attribute>
       <attribute readonly="yes" type="HTMLCollection" name="anchors" id="ID-7577272">
    <descr>
      <p>
	A collection of all the anchor (<code>A</code>) elements in a document
	with a value for the <code>name</code> attribute.</p>
      <note>
	<p>
	  For reasons of backward compatibility, the returned set of
	  anchors only contains those anchors created with the
	  <code>name</code> attribute, not those created with the
	  <code>id</code> attribute. Note that in <bibref
	  ref='XHTML10'/>, the <code>name</code> attribute (see <loc
	  href='http://www.w3.org/TR/2000/REC-xhtml1-20000126/#h-4.10'>section
	  4.10</loc>) has no semantics and is only present for legacy
	  user agents: the <code>id</code> attribute is used instead.
	  Users should prefer the iterator mechanisms provided by
	  <bibref ref="DOMTraversal-inf"/> instead.
	</p>
      </note>
    </descr>
       </attribute>
       <attribute type="DOMString" name="cookie" id="ID-8747038">
         <descr>
           <p>
             This mutable string attribute denotes persistent state
             information that (1) is associated with the current frame
             or document and (2) is composed of information described
             by the <code>cookies</code> non-terminal of <bibref
             ref="CookieRef"/>, Section 4.2.2.
           </p>

           <p>
             If no persistent state information is available for the
             current frame or document document, then this property's
             value is an empty string.
           </p>

           <p>
             When this attribute is read, all cookies are returned as
             a single string, with each cookie's name-value pair
             concatenated into a list of name-value pairs, each list
             item being separated by a ';' (semicolon).
           </p>

           <p>
             When this attribute is set, the value it is set to should be a
             string that adheres to the <code>cookie</code> non-terminal of
             <bibref ref="CookieRef"/>; that is, it should be a single
             name-value pair followed by zero or more cookie attribute
             values. If no domain attribute is specified, then the domain
             attribute for the new value defaults to the host portion of an
             absolute URI <bibref ref="RFC2396"/> of the current frame or
             document. If no path attribute is specified, then the path
             attribute for the new value defaults to the absolute path portion
             of the URI <bibref ref="RFC2396"/> of the current frame or
             document. If no max-age attribute is specified, then the max-age
             attribute for the new value defaults to a user agent defined
             value. If a cookie with the specified name is already associated
             with the current frame or document, then the new value as well as
             the new attributes replace the old value and attributes. If a
             max-age attribute of 0 is specified for the new value, then any
             existing cookies of the specified name are removed from the cookie
             storage.
           </p>

      <note>
           <p>
             See <bibref ref="CookieRef"/> for the semantics of persistent
             state item attribute value pairs.
           </p>
      </note>
      <note>
           <p>
             The precise nature of a user agent session is not defined by this
             specification.
           </p>
      </note>
         </descr>
       <setraises> 
         <exception name="DOMException">	
           <descr>
             <p>
               SYNTAX_ERR: If the new value does not adhere to the
               cookie syntax specified by <bibref ref="CookieRef"/>.
             </p>
           </descr> 
         </exception> 
       </setraises> 
       </attribute>
       <method name="open" id="ID-72161170">
          <descr>
<p>Open a document stream for writing. If a document exists in the
target, this method clears it.</p>
<note><p>
This method and the ones following 
allow a user to add to or replace the structure
model of a document using strings of unparsed HTML. At the time of 
writing alternate methods for providing similar functionality for 
	    both HTML and XML documents were being considered (see <bibref
	      ref="DOMASLS"/>).</p>
      </note>
    </descr>

          <parameters>
	  <!-- No parameters -->
          </parameters>
          <returns type="void">
             <descr><p></p></descr>
          </returns>
          <raises>
          <!-- No exceptions -->
          </raises>
       </method>
       <method name="close" id="ID-98948567">
          <descr><p>Closes a document stream opened by <code>open()</code>
and forces rendering.</p></descr>
          <parameters>
	  <!-- No parameters -->
          </parameters>
          <returns type="void">
             <descr><p></p></descr>
          </returns>
          <raises>
          <!-- No exceptions -->
          </raises>
       </method>
       <method name="write" id="ID-75233634">
          <descr><p>Write a string of text to a document stream opened by
<code>open()</code>. Note that the function will produce a document
 which is not necessarely driven by a DTD and therefore might be produce
an invalid result in the context of the document.</p></descr>
          <parameters>
	  
<param id="ID-68980829" name="text" type="DOMString" attr="in">
<descr><p>The string to be parsed into some structure in the document structure
model.</p></descr>
</param>
          </parameters>
          <returns type="void">
             <descr><p></p></descr>
          </returns>
          <raises>
          <!-- No exceptions -->
          </raises>
       </method>
       <method name="writeln" id="ID-35318390">
          <descr><p>Write a string of text followed by a newline character to a document
stream opened by <code>open()</code>.  Note that the function will produce a document
 which is not necessarely driven by a DTD and therefore might be produce
an invalid result in the context of the document</p></descr>
          <parameters>
	  
<param id="ID-19167591" name="text" type="DOMString" attr="in">
<descr><p>The string to be parsed into some structure in the document structure
model.</p></descr>
</param>
          </parameters>
          <returns type="void">
             <descr><p></p></descr>
          </returns>
          <raises>
          <!-- No exceptions -->
          </raises>
       </method>
       <method name="getElementsByName" id="ID-71555259">
          <descr>
            <p>
	With <bibref ref="HTML40"/> documents, this method returns the
	(possibly empty) collection of elements whose <code>name</code>
	value is given by <code>elementName</code>. In <bibref
	ref="XHTML10"/> documents, this methods only return the
	(possibly empty) collection of form controls with matching name.
	This method is case sensitive.
            </p>
          </descr>
          <parameters>
	  
<param id="ID-81610098" name="elementName" type="DOMString" attr="in">
<descr><p>The <code>name</code> attribute value for an element.</p></descr>
</param>
          </parameters>
          <returns type="NodeList">
             <descr><p>The matching elements.</p></descr>
          </returns>
          <raises>
          <!-- No exceptions -->
          </raises>
       </method>
</interface>
