<?xml version="1.0" encoding="UTF-8"?>
<!--[ HTMLDOMImplementation object description ]-->    
<!-- $Id: htmldom.xml,v 1.2 2001/09/07 13:12:27 plehegar Exp $ -->
<interface name="HTMLDOMImplementation" inherits="DOMImplementation"
      since="DOM Level 2" id="ID-HTML-DOM">
  <descr>
    <p>
      The <code>HTMLDOMImplementation</code> interface extends the
      <code>DOMImplementation</code> interface with a method for
      creating an HTML document instance. The core
      <code>DOMImplementation</code> interface can be used to create
      XHTML documents by passing the XHTML namespace as the namespace
      for the root element.
    </p>
  </descr>
  <method name="createHTMLDocument"
    id="HTML-DOM-createHTMLDocument">
    <descr><p>Creates an <code>HTMLDocument</code> object with the minimal tree
	made of the following elements: <code>HTML</code>, <code>HEAD</code>,
	<code>TITLE</code>, and <code>BODY</code>.</p>
    </descr>
    <parameters>
      <param name="title" type="DOMString" attr="in">
	<descr><p>The title of the document to be set as the content of the
	    <code>TITLE</code> element, through a child <code>Text</code>
	    node.</p>
	</descr>
      </param>
    </parameters>
    <returns type="HTMLDocument">
      <descr><p>A new <code>HTMLDocument</code> object.</p></descr>
    </returns>
    <raises>
      <!-- no exceptions -->
    </raises>
  </method>
</interface>
