<?xml version="1.0" encoding="UTF-8"?>
<!-- $Date: 2002/04/23 20:36:54 $ $Revision: 1.3 $ -->
    <interface name="HTMLDivElement" inherits="HTMLElement" id="ID-22445964">
	<descr><p>Generic block container. See the <loc href="&html40;/struct/global.html#edef-DIV">DIV element definition</loc> in HTML 4.01.</p></descr>
       <attribute  type="DOMString" name="align" id="ID-70908791">
          <descr><p>Horizontal text alignment. See the <loc href="&html40;/present/graphics.html#adef-align">align attribute definition</loc> in HTML 4.01. This attribute is deprecated in HTML 4.01.</p></descr>
       </attribute>
</interface>
