<?xml version="1.0" encoding="UTF-8"?>
<!-- $Date: 2002/04/23 20:36:54 $ $Revision: 1.3 $ -->
    <interface name="HTMLMenuElement" inherits="HTMLElement" id="ID-72509186">
	<descr><p>Menu list. See the <loc href="&html40;/struct/lists.html#edef-MENU">MENU element definition</loc> in HTML 4.01. This element is deprecated in HTML 4.01.</p></descr>
       <attribute  type="boolean" name="compact" id="ID-68436464">
          <descr><p>Reduce spacing between list items. See the <loc href="&html40;/struct/lists.html#adef-compact">compact attribute definition</loc> in HTML 4.01. This attribute is deprecated in HTML 4.01.</p></descr>
       </attribute>
</interface>
