<?xml version="1.0" encoding="UTF-8"?>
<!-- $Date: 2002/04/23 20:36:54 $ $Revision: 1.4 $ -->
    <interface name="HTMLAreaElement" inherits="HTMLElement" id="ID-26019118">
	<descr><p>Client-side image map area definition. See the <loc href="&html40;/struct/objects.html#edef-AREA">AREA element definition</loc> in HTML 4.01.</p></descr>
       <attribute  type="DOMString" name="accessKey" id="ID-57944457">
          <descr><p>A single character access key to give access to the form control. See the <loc href="&html40;/interact/forms.html#adef-accesskey">accesskey attribute definition</loc> in HTML 4.01.</p></descr>
       </attribute>
       <attribute  type="DOMString" name="alt" id="ID-39775416">
          <descr><p>Alternate text for user agents not rendering the normal content
of this element. See the <loc href="&html40;/struct/objects.html#adef-alt">alt attribute definition</loc> in HTML 4.01.</p></descr>
       </attribute>
       <attribute  type="DOMString" name="coords" id="ID-66021476">
          <descr><p>Comma-separated list of lengths, defining an active region geometry.
See also <code>shape</code> for the shape of the region. See the <loc href="&html40;/struct/objects.html#adef-coords">coords attribute definition</loc> in HTML 4.01.</p></descr>
       </attribute>
       <attribute  type="DOMString" name="href" id="ID-34672936">
    <descr><p>The URI <bibref ref="RFC2396"/> of the linked resource. See the <loc href="&html40;/struct/links.html#adef-href">href attribute definition</loc> in HTML 4.01.</p></descr>
       </attribute>
       <attribute  type="boolean" name="noHref" id="ID-61826871">
          <descr><p>Specifies that this area is inactive, i.e., has no associated action. See the <loc href="&html40;/struct/objects.html#adef-nohref">nohref attribute definition</loc> in HTML 4.01.</p></descr>
       </attribute>
       <attribute  type="DOMString" name="shape" id="ID-85683271">
          <descr><p>The shape of the active area. The coordinates are given
by <code>coords</code>. See the <loc href="&html40;/struct/objects.html#adef-shape">shape attribute definition</loc> in HTML 4.01.</p></descr>
       </attribute>
       <attribute  type="long" name="tabIndex" id="ID-8722121">
          <descr><p>Index that represents the element's position in the tabbing order. See the <loc href="&html40;/interact/forms.html#adef-tabindex">tabindex attribute definition</loc> in HTML 4.01.</p></descr>
       </attribute>
       <attribute  type="DOMString" name="target" id="ID-46054682">
          <descr><p>Frame to render the resource in. See the <loc href="&html40;/present/frames.html#adef-target">target attribute definition</loc> in HTML 4.01.</p></descr>
       </attribute>
</interface>
