<?xml version="1.0" encoding="UTF-8"?>
<!-- $Date: 2002/04/23 20:36:54 $ $Revision: 1.4 $ -->
    <interface name="HTMLMetaElement" inherits="HTMLElement" id="ID-37041454">
	<descr><p>This contains generic meta-information about the document. See the <loc href="&html40;/struct/global.html#edef-META">META element definition</loc> in HTML 4.01.</p></descr>
       <attribute  type="DOMString" name="content" id="ID-87670826">
          <descr><p>Associated information. See the <loc href="&html40;/struct/global.html#adef-content">content attribute definition</loc> in HTML 4.01.</p></descr>
       </attribute>
       <attribute  type="DOMString" name="httpEquiv" id="ID-77289449">
    <descr><p>HTTP response header name <bibref ref="RFC2616"/>. See the <loc href="&html40;/struct/global.html#adef-http-equiv">http-equiv attribute definition</loc> in HTML 4.01.</p></descr>
       </attribute>
       <attribute  type="DOMString" name="name" id="ID-31037081">
          <descr><p>Meta information name. See the <loc href="&html40;/struct/global.html#adef-name-META">name attribute definition</loc> in HTML 4.01.</p></descr>
       </attribute>
       <attribute  type="DOMString" name="scheme" id="ID-35993789">
          <descr><p>Select form of content. See the <loc href="&html40;/struct/global.html#adef-scheme">scheme attribute definition</loc> in HTML 4.01.</p></descr>
       </attribute>
</interface>
