<?xml version="1.0" encoding="UTF-8"?>
<!-- $Date: 2002/04/23 20:36:54 $ $Revision: 1.3 $ -->
    <interface name="HTMLFontElement" inherits="HTMLElement" id="ID-43943847">
	<descr><p>Local change to font. See the <loc href="&html40;/present/graphics.html#edef-FONT">FONT element definition</loc> in HTML 4.01. This element is deprecated in HTML 4.01.</p></descr>
       <attribute  type="DOMString" name="color" id="ID-53532975">
          <descr><p>Font color. See the <loc href="&html40;/present/graphics.html#adef-color-FONT">color attribute definition</loc> in HTML 4.01. This attribute is deprecated in HTML 4.01.</p></descr>
       </attribute>
       <attribute  type="DOMString" name="face" id="ID-55715655">
          <descr><p>Font face identifier. See the <loc href="&html40;/present/graphics.html#adef-face-FONT">face attribute definition</loc> in HTML 4.01. This attribute is deprecated in HTML 4.01.</p></descr>
       </attribute>
       <attribute  type="DOMString" name="size" id="ID-90127284">
          <descr><p>Font size. See the <loc href="&html40;/present/graphics.html#adef-size-FONT">size attribute definition</loc> in HTML 4.01. This attribute is deprecated in HTML 4.01.</p></descr>
       </attribute>
</interface>
