<?xml version="1.0" encoding="UTF-8"?>
<!-- $Date: 2002/04/23 20:36:54 $ $Revision: 1.4 $ -->
    <interface name="HTMLModElement" inherits="HTMLElement" id="ID-79359609">
	<descr><p>Notice of modification to part of a document. See the 
	<loc href="&html40;/struct/text.html#edef-ins">INS</loc> 
	and <loc href="&html40;/struct/text.html#edef-del">DEL</loc> 
	element definitions in HTML 4.01. </p></descr>
       <attribute  type="DOMString" name="cite" id="ID-75101708">
    <descr><p>A URI <bibref ref="RFC2396"/> designating a document that describes the reason for
the change. See the <loc href="&html40;/">cite attribute definition</loc> in HTML 4.01.</p></descr>
       </attribute>
       <attribute  type="DOMString" name="dateTime" id="ID-88432678">
          <descr><p>The date and time of the change. See the <loc href="&html40;/struct/text.html#adef-datetime">datetime attribute definition</loc> in HTML 4.01.</p></descr>
       </attribute>
</interface>
