<?xml version="1.0" encoding="UTF-8"?>
<!-- $Date: 2002/04/23 20:36:54 $ $Revision: 1.3 $ -->
    <interface name="HTMLDListElement" inherits="HTMLElement" id="ID-52368974">
	<descr><p>Definition list. See the <loc href="&html40;/struct/lists.html#edef-DL">DL element definition</loc> in HTML 4.01.</p></descr>
       <attribute  type="boolean" name="compact" id="ID-21738539">
          <descr><p>Reduce spacing between list items. See the <loc href="&html40;/struct/lists.html#adef-compact">compact attribute definition</loc> in HTML 4.01. This attribute is deprecated in HTML 4.01.</p></descr>
       </attribute>
</interface>
