<?xml version="1.0" encoding="UTF-8"?>
<!-- $Date: 2002/04/23 20:36:54 $ $Revision: 1.3 $ -->
    <interface name="HTMLOListElement" inherits="HTMLElement" id="ID-58056027">
	<descr><p>Ordered list. See the <loc href="&html40;/struct/lists.html#edef-OL">OL element definition</loc> in HTML 4.01.</p></descr>
       <attribute  type="boolean" name="compact" id="ID-76448506">
          <descr><p>Reduce spacing between list items. See the <loc href="&html40;/struct/lists.html#adef-compact">compact attribute definition</loc> in HTML 4.01. This attribute is deprecated in HTML 4.01.</p></descr>
       </attribute>
       <attribute  type="long" name="start" id="ID-14793325">
          <descr><p>Starting sequence number. See the <loc href="&html40;/struct/lists.html#adef-start">start attribute definition</loc> in HTML 4.01. This attribute is deprecated in HTML 4.01.</p></descr>
       </attribute>
       <attribute  type="DOMString" name="type" id="ID-40971103">
          <descr><p>Numbering style. See the <loc href="&html40;/struct/lists.html#adef-type-OL">type attribute definition</loc> in HTML 4.01. This attribute is deprecated in HTML 4.01.</p></descr>
       </attribute>
</interface>
