<?xml version="1.0" encoding="UTF-8"?>
<!-- $Date: 2002/04/23 20:36:54 $ $Revision: 1.3 $ -->
    <interface name="HTMLParagraphElement" inherits="HTMLElement" id="ID-84675076">
	<descr><p>Paragraphs. See the <loc href="&html40;/struct/text.html#edef-P">P element definition</loc> in HTML 4.01.</p></descr>
       <attribute  type="DOMString" name="align" id="ID-53465507">
          <descr><p>Horizontal text alignment. See the <loc href="&html40;/present/graphics.html#adef-align">align attribute definition</loc> in HTML 4.01. This attribute is deprecated in HTML 4.01.</p></descr>
       </attribute>
</interface>
