<?xml version="1.0" encoding="UTF-8"?>
<!-- $Date: 2002/04/23 20:36:54 $ $Revision: 1.4 $ -->
    <interface name="HTMLHeadElement" inherits="HTMLElement" id="ID-77253168">
	<descr><p>Document head information. See the <loc href="&html40;/struct/global.html#edef-HEAD">HEAD element definition</loc> in HTML 4.01.</p></descr>
       <attribute  type="DOMString" name="profile" id="ID-96921909">
    <descr><p>URI <bibref ref="RFC2396"/> designating a metadata profile. See the <loc href="&html40;/struct/global.html#adef-profile">profile attribute definition</loc> in HTML 4.01.</p></descr>
       </attribute>
</interface>
