<?xml version="1.0" encoding="UTF-8"?>
<!-- $Date: 2002/02/28 09:19:43 $ $Revision: 1.1 $ -->
<interface name="HTMLOptionsCollection"  id="HTMLOptionsCollection">
  <descr>
    <p>
      An <code>HTMLOptionsCollection</code> is a list of nodes representing
      HTML option element. An individual node may be accessed by either ordinal
      index or the node's <code>name</code> or <code>id</code> attributes.
    </p>
    <note>
      <p>
	Collections in the HTML DOM are assumed to be <termref
	def="dt-live">live</termref> meaning that they are automatically
	updated when the underlying document is changed.
      </p>
    </note>
  </descr>
  
  <attribute type="unsigned long" name="length" id="HTMLOptionsCollection-length">
    <descr>
      <p>
	This attribute specifies the length or <emph>size</emph> of the list.
      </p>      
    </descr>
    <setraises>
      <exception name="DOMException">
	<descr>
	  <p>
	    NOT_SUPPORTED_ERR: if setting the length is not allowed by the
	    implementation.
	  </p>
	</descr>
      </exception>
    </setraises>
  </attribute>
  
  <method name="item" id="HTMLOptionsCollection-item">
    <descr>
      <p>
	This method retrieves a node specified by ordinal index. Nodes are
	numbered in tree order (depth-first traversal order).
      </p>
    </descr>
    <parameters>
      
      <param id="HTMLOptionsCollection-item-index" name="index" type="unsigned long" attr="in">
	<descr>
	  <p>The index of the node to be fetched. The index origin is 0.</p>
	</descr>
      </param>
    </parameters>
    <returns type="Node">
      <descr>
	<p>The <code>Node</code> at the corresponding position upon success. A
	value of <code>null</code> is returned if the index is out of
	range. </p>
      </descr>
    </returns>
    <raises>
      <!-- No exceptions -->
    </raises>
  </method>
  <method name="namedItem" id="HTMLOptionsCollection-namedItem">
    <descr>
      <p>This method retrieves a <code>Node</code> using a name. It first
      searches for a <code>Node</code> with a matching <code>id</code>
      attribute. If it doesn't find one, it then searches for a
      <code>Node</code> with a matching <code>name</code> attribute, but only
      on those elements that are allowed a name attribute. This method is case
      insensitive in HTML documents and case sensitive in XHTML documents.</p>
    </descr>
    <parameters>
      
      <param id="HTMLOptionsCollection-namedItem-name" name="name" type="DOMString" attr="in">
	<descr>
	  <p>The name of the <code>Node</code> to be fetched.</p>
	</descr>
      </param>
    </parameters>
    <returns type="Node">
      <descr>
	<p>The <code>Node</code> with a <code>name</code> or <code>id</code>
	attribute whose value corresponds to the specified string. Upon failure
	(e.g., no node with this name exists), returns <code>null</code>.</p>
      </descr>
    </returns>
    <raises>
      <!-- No exceptions -->
    </raises>
  </method>
</interface>


