<?xml version="1.0" encoding="UTF-8"?>
<!-- $Date: 2002/04/23 20:36:54 $ $Revision: 1.4 $ -->
    <interface name="HTMLBodyElement" inherits="HTMLElement" id="ID-62018039">
	<descr><p>The HTML document body. This element is always present in the DOM API,
even if the tags are not present in the source document. See the <loc href="&html40;/struct/global.html#edef-BODY">BODY element definition</loc> in HTML 4.01.</p></descr>
       <attribute  type="DOMString" name="aLink" id="ID-59424581">
          <descr><p>Color of active links (after mouse-button down, but before
mouse-button up). See the <loc href="&html40;/struct/global.html#adef-alink">alink attribute definition</loc> in HTML 4.01. This attribute is deprecated in HTML 4.01.</p></descr>
       </attribute>
       <attribute  type="DOMString" name="background" id="ID-37574810">
    <descr><p>URI <bibref ref="RFC2396"/> of the background texture tile image. See the <loc href="&html40;/struct/global.html#adef-background">background attribute definition</loc> in HTML 4.01. This attribute is deprecated in HTML 4.01.</p></descr>
       </attribute>
       <attribute  type="DOMString" name="bgColor" id="ID-24940084">
          <descr><p>Document background color. See the <loc href="&html40;/present/graphics.html#adef-bgcolor">bgcolor attribute definition</loc> in HTML 4.01. This attribute is deprecated in HTML 4.01.</p></descr>
       </attribute>
       <attribute  type="DOMString" name="link" id="ID-7662206">
          <descr><p>Color of links that are not active and unvisited. See the <loc href="&html40;/struct/global.html#adef-link">link attribute definition</loc> in HTML 4.01. This attribute is deprecated in HTML 4.01.</p></descr>
       </attribute>
       <attribute  type="DOMString" name="text" id="ID-73714763">
          <descr><p>Document text color. See the <loc href="&html40;/struct/global.html#adef-text">text attribute definition</loc> in HTML 4.01. This attribute is deprecated in HTML 4.01.</p></descr>
       </attribute>
       <attribute  type="DOMString" name="vLink" id="ID-83224305">
          <descr><p>Color of links that have been visited by the user. See the <loc href="&html40;/struct/global.html#adef-vlink">vlink attribute definition</loc> in HTML 4.01. This attribute is deprecated in HTML 4.01.</p></descr>
       </attribute>
</interface>
