<?xml version="1.0" encoding="UTF-8"?>
<!-- $Date: 2002/04/23 20:36:54 $ $Revision: 1.3 $ -->
    <interface name="HTMLBRElement" inherits="HTMLElement" id="ID-56836063">
	<descr><p>Force a line break. See the <loc href="&html40;/struct/text.html#edef-BR">BR element definition</loc> in HTML 4.01.</p></descr>
       <attribute  type="DOMString" name="clear" id="ID-82703081">
          <descr><p>Control flow of text around floats. See the <loc href="&html40;/present/graphics.html#adef-clear">clear attribute definition</loc> in HTML 4.01. This attribute is deprecated in HTML 4.01.</p></descr>
       </attribute>
</interface>
