<?xml version="1.0" encoding="UTF-8"?>
<!-- $Date: 2002/04/23 20:36:54 $ $Revision: 1.4 $ -->
    <interface name="HTMLIsIndexElement" inherits="HTMLElement" id="ID-85283003">
	<descr><p>This element is used
for single-line text input. See the <loc href="&html40;/interact/forms.html#edef-ISINDEX">ISINDEX element definition</loc> in HTML 4.01. This element is deprecated in HTML 4.01.</p></descr>
       <attribute readonly="yes" type="HTMLFormElement" name="form" id="ID-87069980">
          <descr><p>Returns the <code>FORM</code> element containing this control.
	Returns <code>null</code> if this control is not within the context of a form.  </p></descr>
       </attribute>
       <attribute  type="DOMString" name="prompt" id="ID-33589862">
          <descr><p>The prompt message. See the <loc href="&html40;/interact/forms.html#adef-prompt">prompt attribute definition</loc> in HTML 4.01. This attribute is deprecated in HTML 4.01.</p></descr>
       </attribute>
</interface>
