<?xml version="1.0" encoding="UTF-8"?>
<!-- $Date: 2002/04/23 20:36:54 $ $Revision: 1.3 $ -->
    <interface name="HTMLHeadingElement" inherits="HTMLElement" id="ID-43345119">
	<descr><p>For the <code>H1</code> to <code>H6</code> elements. See the <loc href="&html40;/struct/global.html#edef-H1">H1 element definition</loc> in HTML 4.01.</p></descr>
       <attribute  type="DOMString" name="align" id="ID-6796462">
          <descr><p>Horizontal text alignment. See the <loc href="&html40;/present/graphics.html#adef-align">align attribute definition</loc> in HTML 4.01. This attribute is deprecated in HTML 4.01.</p></descr>
       </attribute>
</interface>
