<?xml version="1.0" encoding="UTF-8"?>
<!-- $Date: 2002/04/23 20:36:54 $ $Revision: 1.6 $ -->
    <interface name="HTMLTableSectionElement" inherits="HTMLElement" id="ID-67417573">
	<descr><p>The <code>THEAD</code>, <code>TFOOT</code>, and <code>TBODY</code>
elements. </p></descr>
       <attribute  type="DOMString" name="align" id="ID-40530119">
          <descr><p>Horizontal alignment of data in cells. See the <code>align</code>
attribute for HTMLTheadElement for details. </p></descr>
       </attribute>
       <attribute  type="DOMString" name="ch" id="ID-83470012">
          <descr><p>Alignment character for cells in a column. See the <loc href="&html40;/struct/tables.html#adef-char">char attribute definition</loc> in HTML 4.01.</p></descr>
       </attribute>
       <attribute  type="DOMString" name="chOff" id="ID-53459732">
          <descr><p>Offset of alignment character. See the <loc href="&html40;/struct/tables.html#adef-charoff">charoff attribute definition</loc> in HTML 4.01.</p></descr>
       </attribute>
       <attribute  type="DOMString" name="vAlign" id="ID-4379116">
          <descr><p>Vertical alignment of data in cells.
See the <code>valign</code>
attribute for HTMLTheadElement for details. </p></descr>
       </attribute>
       <attribute  readonly="yes" type="HTMLCollection" name="rows" id="ID-52092650">
          <descr><p>The collection of rows in this table section. </p></descr>
       </attribute>
       <method name="insertRow" id="ID-93995626">
          <descr><p>Insert a row into this section. The new row is inserted
	immediately before the current <code>index</code>th row in this
	section. If <code>index</code> is equal to the number of rows in this
	section, the new row is appended.</p></descr>
          <parameters>
	  
<param id="ID-48322963" name="index" type="long" attr="in">
<descr><p>The row number where to insert a new row. This index starts from 0
	    and is relative only to the rows contained inside this section, not
	    all the rows in the table.</p></descr>
</param>
          </parameters>
          <returns type="HTMLElement">
             <descr><p>The newly created row.</p></descr>
          </returns>
          <raises>
      <exception name="DOMException">
        <descr><p>INDEX_SIZE_ERR: Raised if the specified index is
	    greater than the number of rows of if the index is negative.</p>
	</descr>
      </exception>
          </raises>
       </method>
       <method name="deleteRow" id="ID-5625626">
          <descr><p>Delete a row from this section.</p></descr>
          <parameters>
	  
<param id="ID-49711281" name="index" type="long" attr="in">
<descr><p>The index of the row to be deleted. This index starts from 0 and is
	    relative only to the rows contained inside this section, not all
	    the rows in the table.</p></descr>
</param>
          </parameters>
          <returns type="void">
             <descr><p></p></descr>
          </returns>
          <raises>
      <exception name="DOMException">
        <descr><p>INDEX_SIZE_ERR: Raised if the specified index is
	    greater than or equal to the number of rows or if the index is negative.</p>
	</descr>
      </exception>
          </raises>
       </method>
</interface>
