<?xml version="1.0" encoding="UTF-8"?>
<!-- $Date: 2002/04/23 20:36:54 $ $Revision: 1.3 $ -->
    <interface name="HTMLHtmlElement" inherits="HTMLElement" id="ID-33759296">
	<descr><p>Root of an HTML document. See the <loc href="&html40;/struct/global.html#edef-HTML">HTML element definition</loc> in HTML 4.01.</p></descr>
       <attribute  type="DOMString" name="version" id="ID-9383775">
          <descr><p>Version information about the document's DTD. See the <loc href="&html40;/struct/global.html#adef-version">version attribute definition</loc> in HTML 4.01. This attribute is deprecated in HTML 4.01.</p></descr>
       </attribute>
</interface>
