<?xml version="1.0" encoding="UTF-8"?>
<!-- $Date: 2002/04/23 20:36:54 $ $Revision: 1.9 $ -->
    <interface name="HTMLTableRowElement" inherits="HTMLElement" id="ID-6986576">
	<descr><p>A row in a table. See the <loc href="&html40;/struct/tables.html#edef-TR">TR element definition</loc> in HTML 4.01.</p></descr>
       <attribute  type="long" name="rowIndex" id="ID-67347567" readonly="yes">
          <descr><p>The index of this row, relative to the entire table,
	starting from 0. This is in document tree order and not display order. The <code>rowIndex</code> does not take into account sections (<code>THEAD</code>, <code>TFOOT</code>, or <code>TBODY</code>) within the table.</p></descr>
       </attribute>
       <attribute  type="long" name="sectionRowIndex" id="ID-79105901"
          readonly="yes">
          <descr><p>The index of this row, relative to the current section
(<code>THEAD</code>, <code>TFOOT</code>, or <code>TBODY</code>), starting from
	0.</p></descr>
       </attribute>
       <attribute  type="HTMLCollection" name="cells" id="ID-67349879"
          readonly="yes">
          <descr><p>The collection of cells in this row. </p></descr>
       </attribute>
       <attribute  type="DOMString" name="align" id="ID-74098257">
          <descr><p>Horizontal alignment of data within cells of this row. See the <loc href="&html40;/struct/tables.html#adef-align-TD">align attribute definition</loc> in HTML 4.01.</p></descr>
       </attribute>
       <attribute  type="DOMString" name="bgColor" id="ID-18161327">
          <descr><p>Background color for rows. See the <loc href="&html40;/present/graphics.html#adef-bgcolor">bgcolor attribute definition</loc> in HTML 4.01. This attribute is deprecated in HTML 4.01.</p></descr>
       </attribute>
       <attribute  type="DOMString" name="ch" id="ID-16230502">
          <descr><p>Alignment character for cells in a column. See the <loc href="&html40;/struct/tables.html#adef-char">char attribute definition</loc> in HTML 4.01.</p></descr>
       </attribute>
       <attribute  type="DOMString" name="chOff" id="ID-68207461">
          <descr><p>Offset of alignment character. See the <loc href="&html40;/struct/tables.html#adef-charoff">charoff attribute definition</loc> in HTML 4.01.</p></descr>
       </attribute>
       <attribute  type="DOMString" name="vAlign" id="ID-90000058">
          <descr><p>Vertical alignment of data within cells of this row. See the <loc href="&html40;/struct/tables.html#adef-valign">valign attribute definition</loc> in HTML 4.01.</p></descr>
       </attribute>
       <method name="insertCell" id="ID-68927016">
          <descr><p>Insert an empty <code>TD</code> cell into this row. If
	<code>index</code> is equal to the number of cells, the new cell is
	appended.</p></descr>
          <parameters>
	  
<param id="ID-20576436" name="index" type="long" attr="in">
<descr><p>The place to insert the cell, starting from 0.</p></descr>
</param>
          </parameters>
          <returns type="HTMLElement">
             <descr><p>The newly created cell.</p></descr>
          </returns>
          <raises>
      <exception name="DOMException">
        <descr><p>INDEX_SIZE_ERR: Raised if the specified <code>index</code> is
	    greater than the number of cells or if the index is negative.</p>
	</descr>
      </exception>
          </raises>
       </method>
       <method name="deleteCell" id="ID-11738598">
          <descr><p>Delete a cell from the current row.</p></descr>
          <parameters>
	  
<param id="ID-63209996" name="index" type="long" attr="in">
<descr><p>The index of the cell to delete, starting from 0.</p></descr>
</param>
          </parameters>
          <returns type="void">
             <descr><p></p></descr>
          </returns>
          <raises>
      <exception name="DOMException">
        <descr><p>INDEX_SIZE_ERR: Raised if the specified <code>index</code> is
	    greater than or equal to the number of cells or if the index is negative.</p>
	</descr>
      </exception>
          </raises>
       </method>
</interface>
