<?xml version="1.0" encoding="UTF-8"?>
<!-- $Date: 2002/04/23 20:36:54 $ $Revision: 1.5 $ -->
    <interface name="HTMLBaseElement" inherits="HTMLElement" id="ID-73629039">
  <descr><p>Document base URI <bibref ref="RFC2396"/>. See the <loc href="&html40;/struct/links.html#edef-BASE">BASE element definition</loc> in HTML 4.01.</p></descr>
       <attribute  type="DOMString" name="href" id="ID-65382887">
          <descr><p>The base URI <bibref ref="RFC2396"/>. See the <loc href="&html40;/struct/links.html#adef-href-BASE">href attribute definition</loc> in HTML 4.01.</p></descr>
       </attribute>
       <attribute  type="DOMString" name="target" id="ID-73844298">
          <descr><p>The default target frame. See the <loc href="&html40;/present/frames.html#adef-target">target attribute definition</loc> in HTML 4.01.</p></descr>
       </attribute>
</interface>
