<?xml version="1.0" encoding="utf-8"?>
<!-- $Id: changes.xml,v 1.35 2002/05/22 16:00:32 plehegar Exp $ -->
<div1 id="Changes">
  <head>Changes</head>

  <orglist role="editors">
    <member>
      <name>Philippe Le H&eacute;garet</name>
      <affiliation>W3C</affiliation>
    </member>
  </orglist>

  <div2 id="DOMLevel1to2Changes">
    <head>Changes between DOM Level 1 and DOM Level 2</head>

    <note>
      <p>
	The DOM Level 2 HTML module is not backward compatible with the DOM
	Level 1 HTML module.
      </p>
    </note>

    <glist>
      <gitem>
	<label>OMG IDL</label>
	<def><p>The DOM Level 2 specifications are now using Corba 2.3.1
	    instead of Corba 2.2.</p>
	</def>
      </gitem>
      <gitem>
	<label>XHTML 1.0 support</label>
	<def>
	  <p>
	    The DOM Level 2 HTML module supports HTML 4 as well as XHTML 1.0
	    documents. Therefore, case sensitivity in methods depends on the
	    <code>Document</code> supports the feature "<code>XML</code>" as
	    well as "<code>HTML</code>".
	  </p>
	</def>
      </gitem>
    </glist>

    <div3 id="DOMLevel1Changes">
      <head>Changes to DOM Level 1 interfaces and exceptions</head>

      <glist>
	<gitem>
	  <label>Interface <code>HTMLDocument</code></label>
	  <def>
	    <p>the method <code>getElementById</code> is now inherited from the
	    <code>Document</code> interface <bibref ref='DOMCore'/> where it
	    was moved.</p>
	  </def>
	</gitem>
	<gitem>
	  <label>Interface <code>HTMLFrameElement</code></label>
	  <def><p>the attribute <code>contentDocument</code> was added.</p>
	  </def>
	</gitem>
	<gitem>
	  <label>Interface <code>HTMLIFrameElement</code></label>
	  <def><p>the attribute <code>contentDocument</code> was added.</p>
	  </def>
	</gitem>
	<gitem>
	  <label>Interface <code>HTMLInputElement</code></label>
	  <def><p>the attribute <code>type</code> is no longer read
	  only.</p> <p>The type of the attribute <code>size</code> was
	  changed from <code>DOMString</code> to <code>unsigned long</code>.</p>
	  </def>
	</gitem>
	<gitem>
	  <label>Interface <code>HTMLObjectElement</code></label>
	  <def><p>The attribute <code>contentDocument</code> was added.</p>
	    <p>The attribute <code>form</code> was removed.</p>
	  </def>
	</gitem>
	<gitem>
	  <label>Interface <code>HTMLOptionElement</code></label>
	  <def><p>Changing the <code>defaultSelected</code> attribute does not
	      reset the state of the form control.</p>
	  </def>
	</gitem>
	<gitem>
	  <label>Interface <code>HTMLTextAreaElement</code></label>
	  <def><p>Changing the <code>defaultValue</code> attribute does not
	      reset the contents of the form control.</p>
	  </def>
	</gitem>
	<gitem>
	  <label>Interface <code>HTMLImageElement</code></label> <def><p>The
	  <code>lowSrc</code> attribute was removed.</p> <p>The types of the
	      attributes <code>border</code>, <code>height</code>,
	      <code>hspace</code>, <code>width</code> and <code>vspace</code>
	      were changed from <code>DOMString</code> to <code>long</code>.</p>
	  </def>
	</gitem>
	<gitem>
	  <label>Interface <code>HTMLSelectElement</code></label> <def>
	    <p>
	      The type of the attribute <code>options</code> was changed
	      from <code>HTMLCollection</code> to
	      <code>HTMLOptionsCollection</code>.  </p>
	    <p>
	      The attribute <code>length</code> is no longer readonly.
	    </p>
	  </def>
	</gitem>
	<gitem>
	  <label>Module and package name</label> <def>
	    <p>
	      The module name used in the OMG IDL is now
	      <code>html2</code>.
	    </p>
	    <p>
	      The package name used in the Java bindings is now
	      <code>org.w3c.dom.html2</code>.
	    </p>
	  </def>
	</gitem>
      </glist>
    </div3>
    <div3 id="DOMLevel2Addons">
      <head>New Interfaces</head>
      <glist>
	<gitem>
	  <label>Interface <code>HTMLDOMImplementation</code></label>
	  <def><p>The <code>HTMLDOMImplementation</code> interface was
	      added to the HTML module.</p>
	  </def>
	</gitem>
	<gitem>
	  <label>Interface <code>HTMLOptionsCollection</code></label>
	  <def><p>The <code>HTMLOptionsCollection</code> interface was
	      added to the HTML module.</p>
	  </def>
	</gitem>
      </glist>
    </div3>
  </div2>
</div1>
