<?xml version="1.0" ?>
<!-- $Id: dom-spec.xml,v 1.24 2002/05/29 21:20:14 plehegar Exp $ -->
<!DOCTYPE spec PUBLIC
      "-//W3C//DTD Specification V2.2-Based DOM//EN"
      "../../../pubtext/xmlspec-v22-dom.dtd" [

<!ENTITY prefix "HTML">
<!ENTITY % version SYSTEM "../version.xml">
%version;
<!ENTITY % links SYSTEM "../link-entities.xml">
%links;
<!ENTITY % parts SYSTEM "../part-entities.xml">
%parts;
<!ENTITY options SYSTEM "../options.xml">
]>

<spec w3c-doctype='cr'>
  <!--
  *************************************************************************
  * FRONT MATTER                                                          *
  *************************************************************************
  -->
&options;

<header> 
<title>Document Object Model (DOM) Level 2 HTML Specification</title>
<version>1.0</version> <w3c-designation>&doc.prefix;-&doc.date;
</w3c-designation> <w3c-doctype>W3C Candidate Recommendation</w3c-doctype> <pubdate> 
<day>&date.day;</day> <month>&date.month;</month> <year>&date.year;</year> 
</pubdate> 
<publoc> <loc href="&this.url;">&this.url;</loc>
&ps.loc;
&pdf.loc;
&txt.loc;
&zip.loc;
&html.loc;
</publoc>
<latestloc> <loc href="&latest.url;">&latest.url;</loc> </latestloc> 
<prevlocs>
<loc href="http://www.w3.org/TR/2001/WD-DOM-Level-2-HTML-20011210/">http://www.w3.org/TR/2001/WD-DOM-Level-2-HTML-20011210</loc>
</prevlocs> 
<authlist> 
    <author role="editor">
      <name>Johnny Stenback</name>
      <affiliation>Netscape</affiliation>
    </author>
    <author role="editor"> <name>Arnaud Le Hors</name>
      <affiliation>W3C team contact until October 1999, then IBM</affiliation>
    </author> 
    <author role="editor"> <name>Philippe Le H&eacute;garet</name>
      <affiliation>W3C</affiliation>
    </author> 
    <author role="editor">
      <name>Chris Wilson</name>
      <affiliation>Microsoft Corp. (for DOM Level 1 after January 1998)</affiliation>
    </author>
    <author role="editor">
      <name>Ian Jacobs</name>
      <affiliation>W3C (for DOM Level 1)</affiliation>
    </author>
    <author role="editor">
      <name>Mike Champion</name>
      <affiliation>ArborText (for DOM Level 1)</affiliation>
    </author>
    <author role="editor">
      <name>Scott Isaacs</name>
      <affiliation>Microsoft Corp. (for DOM Level 1 until January 1998)</affiliation>
    </author>
    <author role="editor">
      <name>Vidur Apparao</name>
      <affiliation>Netscape Communications Corp. (for DOM Level 1)</affiliation>
    </author>
</authlist>
    <!--
    ******************************************************
    * DOCUMENT ABSTRACT                                  *
    ******************************************************
    -->
<abstract id="id-abstract"> 

      <p>
	This specification defines the Document Object Model Level 2
	HTML, a platform- and language-neutral interface that allows
	programs and scripts to dynamically access and update the
	content and structure of <bibref ref="HTML40"/> and <bibref
	ref="XHTML10"/> documents. The Document Object Model Level 2
	HTML builds on the Document Object Model Level 2 Core <bibref
	ref='DOMCore'/> and is not backward compatible with DOM Level 1
	HTML <bibref ref="DOM-Level-1"/>.
      </p>
</abstract>

&status;

<sourcedesc>
<p>Created in electronic form.</p>
</sourcedesc>
<langusage>
<language id="en">English</language>
</langusage>
<revisiondesc>
<p>$Revision: 1.24 $</p>
</revisiondesc>
<?GENERATE-TOC?>
</header>
<front>
  &toc;
  &copyright;
</front> 
 
<body>
  &html;
</body>
  <!--
  *************************************************************************
  * BACK MATTER                                                           *
  *************************************************************************
  -->
<back> 
  &html-changes;

<div1 role="idl" id="idl">
  <head>IDL Definitions</head>

  <p>This appendix contains the complete OMG IDL <bibref ref='OMGIDL'/> for
  the Level 2 Document Object Model HTML definitions.</p>

  <p>Unfortunately the OMG IDL in this appendix is not conformant due to
  problems in the validator that was used to validate Level 1. The
  <code>readOnly</code> attribute on the <code>HTMLInputElement</code> and
  <code>HTMLTextAreaElement</code> interfaces, as well as the
  <code>object</code> attribute on the <code>HTMLAppletElement</code>
  interface, are not conformant with OMG IDL 2.2. The <code>valueType</code>
  attribute on the <code>HTMLParamElement</code> interface is not conformant
  with OMG IDL 2.3.1, which hadn't been released when DOM Level 1 <bibref ref='DOM-Level-1'/> was
  published.</p>

  <p>The IDL files are also available as: <loc
      href="idl.zip">&this.url;/idl.zip</loc></p>

    <!--
    ******************************************************
    | CORE OMG IDL DEFINITIONS                           |
    ******************************************************
    -->
      <?GENERATE-IDL HTML html2 dom.w3c.org dom?>
</div1>

<div1 role="java-binding" id="java-binding">
  <head>Java Language Binding</head>

  <p>This appendix contains the complete Java Language <bibref ref='Java'/>
  binding for the Level 2 Document Object Model HTML.</p>

  <p>The Java files are also available as <loc
      href="java-binding.zip">&this.url;/java-binding.zip</loc></p>

    <!--
    ******************************************************
    | CORE JAVA BINDINGS                                 |
    ******************************************************
    -->
      <?GENERATE-JAVA HTML org.w3c.dom html2?>
</div1>
<div1 role="ecma-binding" id="ecma-binding">
  <head>ECMAScript Language Binding</head>

  <p>This appendix contains the complete ECMAScript <bibref
  ref='ECMAScript'/> binding for the Level 2 Document Object Model HTML
  definitions.</p>

      <note>
	<p>
	  Exceptions handling is only supported by ECMAScript implementation
	  conformant with the Standard ECMA-262 3rd. Edition (<bibref
	  ref="ECMAScript"/>).
	</p>
      </note>

    <!--
    ******************************************************
    | CORE ECMASCRIPT BINDINGS                         |
    ******************************************************
    -->
  <?GENERATE-ECMA HTML?>
  <p>
    HTMLAnchorElement objects in <code>String</code> expressions are evaluated
    as <code>HTMLAnchorElement.href</code>. For example:
  </p>
  <eg role='code'>
     alert(" The absolute URI is " + myAnchorElement);
  </eg>
  <p>is equivalent to</p>
  <eg role='code'>
     alert(" The absolute URI is " + myAnchorElement.href);
  </eg>
  
</div1>
  &contributors; 
  &glossary; 
  &references;
  &index; 
</back>
</spec> 
