<?xml version="1.0" encoding="UTF-8"?>
<!--
 *************************************************************************
 * BEGINNING OF LEVEL ONE CORE                                           *
 *************************************************************************
-->
<!-- $Date: 2002/05/29 21:23:14 $ $Revision: 1.32 $ -->
<div1 id="HTML">  
  <head>Document Object Model HTML</head>
  <orglist role="editors">
    <member>
      <name>Johnny Stenback</name>
      <affiliation>Netscape</affiliation>
    </member>
    <member>
      <name>Arnaud Le Hors</name>
      <affiliation>IBM</affiliation>
    </member>
    <member>
      <name>Philippe Le H&eacute;garet</name>
      <affiliation>W3C</affiliation>
    </member>
    <member>
      <name>Chris Wilson</name>
      <affiliation>Microsoft Corp. (for DOM Level 1 after January 1998)</affiliation>
    </member>
    <member>
      <name>Ian Jacobs</name>
      <affiliation>W3C (for DOM Level 1)</affiliation>
    </member>
    <member>
      <name>Vidur Apparao</name>
      <affiliation>Netscape Communications Corp. (for DOM Level 1)</affiliation>
    </member>
    <member>
      <name>Mike Champion</name>
      <affiliation>ArborText (for DOM Level 1)</affiliation>
    </member>
    <member>
      <name>Scott Isaacs</name>
      <affiliation>Microsoft Corp. (for DOM Level 1 until January 1998)</affiliation>
    </member>
  </orglist>
  <?GENERATE-MINI-TOC?>
  <!--
  ******************************************************
  | INTRODUCTION                                       |
  ******************************************************
  -->
  <div2 id="ID-1176245063">
    <head>Introduction</head>
    <p>
      This section extends the DOM Level 2 Core API <bibref
      ref="DOMCore"/> to describe objects and methods specific to
      <termref def="dt-HTML">HTML</termref> documents <bibref
      ref="HTML40"/>, and XHTML documents <bibref ref="XHTML10"/>. In
      general, the functionality needed to manipulate hierarchical
      document structures, elements, and attributes will be found in
      the core section; functionality that depends on the specific
      elements defined in HTML will be found in this section.
    </p>
    <p>The goals of the HTML-specific DOM API are:
      <ulist>
	<item><p>to specialize and add functionality that relates
	    specifically to HTML documents and elements.</p></item>
	<item><p>to address issues of backwards compatibility with the
	    <termref def='dt-DOM-Level-0'>DOM Level 0</termref>.</p></item>
	<item><p>to provide <termref def="dt-convenience">convenience</termref> mechanisms, where appropriate, for
	    common and frequent operations on HTML documents.</p></item>
      </ulist>
    </p>
    <p>The key differences between the core DOM and the HTML
      application of DOM is that the HTML Document Object Model
      exposes a number of <termref def="dt-convenience">convenience</termref> methods and properties that are
      consistent with the existing models and are more appropriate to
      script writers. In many cases, these enhancements are not
      applicable to a general DOM because they rely on the presence of
      a predefined DTD. The transitional or
      frameset DTD for HTML 4.01, or the XHTML 1.0 DTDs are assumed. Interoperability
      between implementations is only guaranteed for elements and
      attributes that are specified in the HTML 4.01 and XHTML 1.0 DTDs. </p>
    <p>More specifically, this document includes the following specializations
      for HTML:
      <ulist>
	<item><p>An <code>HTMLDocument</code> interface, derived from the core
	    <code>Document</code> interface. <code>HTMLDocument</code>
	    specifies the operations and queries that can be made on a HTML
	    document.</p></item>
	<item><p>An <code>HTMLElement</code> interface, derived from the core
	    <code>Element</code> interface. <code>HTMLElement</code> specifies
	    the operations and queries that can be made on any HTML
	    element. Methods on <code>HTMLElement</code> include those that
	    allow for the retrieval and modification of attributes that apply
	    to all HTML elements.</p></item>
	<item><p>Specializations for all HTML elements that have attributes
	    that extend beyond those specified in the <code>HTMLElement</code>
	    interface. For all such attributes, the derived interface for the
	    element contains explicit methods for setting and getting the
	    values.</p></item>
      </ulist>
    </p>
    <p>The DOM Level 2 includes mechanisms to access and modify style specified
      through CSS and defines an event model that can be used with HTML
      documents.</p>
    <p>
      The interfaces found within this section are not mandatory. A
      DOM application may use the <code>hasFeature(feature,
      version)</code> method of the <code>DOMImplementation</code>
      interface with parameter values "HTML" and "2.0" (respectively)
      to determine whether or not this module is supported by the
      implementation. In addition to the feature string "HTML", the
      feature string "XHTML" (version string "2.0") can be used to
      check if the implementation supports XHTML (this is equivalent
      to checking the features "XML" and "HTML"). In order to fully
      support this module, an implementation must also support the
      "Core" feature defined <bibref ref="DOMCore"/>. Please refer to
      additional information about <xspecref
      href='&core.latest.url;/introduction.html#ID-Conformance'>
      conformance</xspecref> in the DOM Level 2 Core specification
      <bibref ref="DOMCore"/>.
    </p>

    <p> A DOM
      application can use the <code>hasFeature</code> method of the 
      <code>DOMImplementation</code> interface to determine whether they
      are supported or not. The feature string for all the interfaces listed in
      this section is "HTML" and the version is "2.0". Note that, since DOM
      Level 2 HTML is not backward compatible with DOM Level 1 <bibref ref="DOM-Level-1"/>, a DOM Level 2
      HTML implementation must not claim to implement the feature "HTML"
      version "1.0". In order to fully
support this feature, an implementation needs also to support the "Core"
      feature defined in the Document Object Model Level 2 Core <bibref
ref="DOMCore"/> (see also <xspecref
		  href='&core.latest.url;/introduction.html#ID-Conformance'>Conformance</xspecref>).</p>
    <p>
      The interfaces in this specification are designed for <bibref
	ref="HTML40"/> 
      documents, as well as for <bibref ref='XHTML10'/> documents.
    </p>
  </div2>

  <!--
  ******************************************************
  | HTML APPLICATION OF CORE DOM                       |
  ******************************************************
  -->
  <div2 id="ID-535378264">
    <head>HTML Application of Core DOM</head>
    <div3 id="ID-2041995112">
      <head>Naming Conventions</head>
      <p>The HTML DOM follows a naming convention for properties,
	methods, events, collections, and data types. All names are
	defined as one or more English words concatenated together to
	form a single string. </p>
      <div4 id="ID-1958798402">
	<head>Properties and Methods</head>
	<p>The property or method name starts with the initial keyword
	  in lowercase, and each subsequent word starts with a capital
	  letter. For example, a property that returns document meta
	  information such as the date the file was created might be
	  named &quot;fileDateCreated&quot;. In the ECMAScript
	  binding, properties are exposed as properties of a given
	  object. In Java, properties are exposed with get and set
	  methods. </p>
      </div4>
      <div4 id="ID-1234123411">
	<head>Non-HTML 4.0 interfaces and attributes</head>
	<p>While most of the interfaces defined below can
           be mapped directly to elements defined in the HTML 4.01
           Recommendation, some of them cannot. Similarly, not
           all attributes listed below have counterparts in the
           HTML 4.01 specification (and some do, but have been
           renamed to avoid conflicts with scripting languages).
           Interfaces and attribute definitions that have links 
           to the HTML 4.0 specification have corresponding element
	   and attribute definitions there; all
           others are added by this specification, either for 
           convenience or backwards compatibility with <termref
	    def='dt-DOM-Level-0'>DOM Level 0</termref> implementations.
         </p>
      </div4>
   </div3>
  </div2>


  <!--
  ******************************************************
  | XHTML and the HTML DOM                             |
  ******************************************************
  -->
  <div2 id="ID-5353782642">
    <head>XHTML and the HTML DOM</head>
    <p>
      The DOM HTML Level 1 API's <bibref ref="DOM-Level-1"/> were originally intended to be used
      only for HTML 4.01 documents <bibref ref="HTML40"/> and the APIs were defined well
      before XHTML 1.0 <bibref ref="XHTML10"/> became a specification, or was even being worked on
      by the HTML working group. The biggest difference between HTML
      4.0 (and earlier) and XHTML 1.0 (from the DOM point of view) is
      that XHTML is case sensitive, whereas HTML 4.01 is case
      insensitive. The HTML case insensitivity is also reflected in
      the DOM HTML API's in some ways, for instance, element and
      attribute names are exposed as all upper case (for consistency)
      when used on an HTML document, regardless of the character case
      used in the markup. In XHTML everything is case sensitive (since
      XHTML is based on XML) and element and attribute names must be
      lower case in the markup. Because of this there are certain
      things that developers need to keep in mind when writing code
      that should work on both HTML and XHTML documents. There are
      basically two things that need to be taken into account, one is
      that when comparing element or attribute names to strings the
      string compare needs to be case insensitive, or the element or
      attribute name needs to be converted into lowercase before
      comparing against a lowercase string. The other thing is that
      when calling methods that are case insensitive when used on a
      HTML document (such as <code>getElementsByTagName()</code> and
      <code>namedItem()</code>) the string that is passed in should be
      lower case to work on both HTML and XHTML documents.
    </p>
    <note>
      <p>
	The interfaces provided in this document are only for <bibref
	ref="HTML40"/> and <bibref ref="XHTML10"/> documents and are not
	guaranteed to work with any future version of XHTML.
      </p>
    </note>
  </div2>


  <div2 id="ID-1019015399">
    <head>Miscellaneous Object Definitions</head>
    <definitions>
      &html-htmldom;
      &html-htmlcollection;
      &html-htmloptionscollection;
    </definitions>
  </div2>
  <div2 id="ID-1006298752">
    <head>Objects related to HTML documents</head>
    <definitions>
      &html-htmldocument;
    </definitions>
  </div2>
  <div2 id="ID-882764350">
    <head>HTML Elements</head>
    <div3 id="ID-642250288">
      <head>Property Attributes</head>
      <p>
	HTML attributes are exposed as properties on the element
	object. The DOM naming conventions always determine the name
	of the exposed property, and is independent of the case of the
	attribute in the source document. The data type of the
	property is in general determined by the type of the attribute
	as determined by the HTML 4.01 (transitional and frameset) and
	XHTML 1.0 DTDs. The attributes have the semantics (including
	case-sensitivity) given in the <bibref ref="HTML40"/> and
	<bibref ref="XHTML10"/>
	specifications.
      </p>

      <p>The attributes are exposed as properties for compatibility
	with <termref def='dt-DOM-Level-0'>DOM Level 0</termref>. This usage
	is deprecated because it can not be generalized to all possible
	attribute names for XML. We recommend the use of generic methods on the core
	<code>Element</code> interface for setting, getting and removing
	attributes.
	<table border='1' summary='Layout table: The first cell contains
           a DTD Data Type and the second contains the mapping of the type into
           the Object Model Data type'>
	  <tbody>
	    <tr role='head'>
	      <th>DTD Data Type</th>
	      <th><termref def="dt-datamodel">Object Model Data</termref> Type</th>
	    </tr>
	    <tr>
	      <td>CDATA</td>
	      <td>DOMString</td>
	    </tr>
	    <tr>
	      <td>Value list (e.g., (left | right | center))</td>
	      <td>DOMString</td>
	    </tr>
	    <tr>
	      <td>one-value Value list (e.g., (disabled))</td>
	      <td>boolean</td>
	    </tr>
	    <tr>
	      <td>Number</td>
	      <td>long int</td>
	    </tr>
	  </tbody>
	</table>
      </p>

      <p>
	In an HTML document the return value of an attribute that has
	a data type that is a value list is normalized to lower case
	(independent of the case of the value in the source
	document).
      </p>

      <p>
	For example, if the value of the align attribute on a P
	element is "Left" (which is not a valid value in XHTML due to
	the case sensitivity of XHTML) then the value is returned as
	"left". For attributes with the <code>CDATA</code> data type,
	the case of the return value is that given in the source
	document.
      </p>

      <p>The return value of an attribute that is unspecified and does not
         have a default value is the empty string if the return type is
         a DOMString, false if the return type is a boolean and 0 if the
         return type is a number.</p>
    </div3>
    <div3 id="ID-213157251">
      <head>Naming Exceptions</head>
      <p>
	To avoid namespace conflicts, two attributes with the same name
	as a keyword in one of our chosen <termref
	def='dt-lang-binding'>binding languages</termref> were
	prefixed. The <code>for</code> attribute of the
	<code>LABEL</code> and <code>SCRIPT</code> elements collides
	with loop construct naming conventions and is renamed
	<code>htmlFor</code>. The <code>class</code> attribute of the
	HTML elements collides with class definitions naming conventions
	and is renamed <code>className</code>.
      </p>
    </div3>
    <div3 id="ID-822762427">
      <head>Exposing Element Type Names (<code>tagName</code>, (<code>nodeName</code>))</head>
        <p>
          If the document is an HTML 4.01 document the element type
          names exposed through a property are in uppercase. For
          example, the body element type name is exposed through the
          <code>tagName</code> property as <code>BODY</code>. If the
          document is an XHTML 1.0 document the element name
          is exposed as it is written in the XHTML file. This means
          that the element type names are exposed in lower case for
          XHTML documents since the XHTML 1.0 DTDs defines element
          type names as lower case, and XHTML, being derived from XML,
          is case sensitive.
        </p>

    </div3>
  <div3 id="ID-011100101">
    <head>The HTMLElement interface</head>
    <definitions>
	  &html-htmlelement;
    </definitions>
  </div3>

    <div3 id="ID-798055546">
      <head>Object definitions</head>
      <definitions>
          <!-- Head elements -->
	  &html-htmlhtmlelement;
	  &html-htmlheadelement;
	  &html-htmllinkelement;
	  &html-htmltitleelement;
	  &html-htmlmetaelement;
	  &html-htmlbaseelement;
	  &html-htmlisindexelement;
	  &html-htmlstyleelement;
	  &html-htmlbodyelement;

	  <!-- Form elements -->
	  &html-htmlformelement;
	  &html-htmlselectelement;
	  &html-htmloptgroupelement;
	  &html-htmloptionelement;
	  &html-htmlinputelement;
	  &html-htmltextareaelement;
	  &html-htmlbuttonelement;
	  &html-htmllabelelement;
	  &html-htmlfieldsetelement;
	  &html-htmllegendelement;
      
          <!-- List elements -->
	  &html-htmlulistelement;
	  &html-htmlolistelement;
	  &html-htmldlistelement;
	  &html-htmldirectoryelement;
	  &html-htmlmenuelement;
	  &html-htmllielement;

	  <!-- Block elements -->
	  &html-htmldivelement;
	  &html-htmlparagraphelement;
	  &html-htmlheadingelement;
	  &html-htmlquoteelement;
	
	  <!-- Formatting and graphics elements -->
	  &html-htmlpreelement;
	  &html-htmlbrelement;
	  &html-htmlbasefontelement;
	  &html-htmlfontelement;
	  &html-htmlhrelement;

	  <!-- Modification notice elements -->
	  &html-htmlmodelement;

	  <!-- Hyperlink elements -->
	  &html-htmlanchorelement;

	  <!-- Replaced elements -->
	  &html-htmlimageelement;
	  &html-htmlobjectelement;
	  &html-htmlparamelement;
	  &html-htmlappletelement;

	  <!-- Image maps -->
	  &html-htmlmapelement;
	  &html-htmlareaelement;

	  <!-- Scripting  -->
	  &html-htmlscriptelement;

	  <!-- Table elements -->
	  &html-htmltableelement;
	  &html-htmltablecaptionelement;
	  &html-htmltablecolelement;
	  &html-htmltablesectionelement;
	  &html-htmltablerowelement;
	  &html-htmltablecellelement;

          <!-- Frames -->
	  &html-htmlframesetelement;
	  &html-htmlframeelement;
	  &html-htmliframeelement;

	  <!-- Miscellaneous -->
      </definitions>
    </div3>
  </div2>
</div1>

